Date;Price;Open;High;Low;Vol.;Change %
01/02/2020;1,528.10;1,521.00;1,534.00;1,519.70;270.55K;0.33%
01/03/2020;1,552.40;1,531.70;1,556.60;1,530.40;436.74K;1.59%
01/06/2020;1,568.80;1,562.70;1,590.90;1,562.30;558.97K;1.06%
01/07/2020;1,574.30;1,567.40;1,579.20;1,557.00;435.87K;0.35%
01/08/2020;1,560.20;1,578.80;1,613.30;1,553.40;813.41K;-0.90%
01/09/2020;1,554.30;1,557.70;1,562.40;1,541.00;372.88K;-0.38%
01/10/2020;1,560.10;1,553.40;1,564.10;1,546.70;344.34K;0.37%
01/13/2020;1,550.60;1,563.00;1,563.10;1,547.00;311.73K;-0.61%
01/14/2020;1,544.60;1,548.60;1,549.50;1,536.40;340.91K;-0.39%
01/15/2020;1,554.00;1,546.80;1,558.80;1,546.50;310.07K;0.61%
01/16/2020;1,550.50;1,556.60;1,558.20;1,548.00;260.05K;-0.23%
01/17/2020;1,560.30;1,553.00;1,561.40;1,549.30;264.93K;0.63%
01/20/2020;1,557.90;1,557.30;1,568.80;1,546.00;462.62K;-0.15%
01/21/2020;1,557.90;1,557.30;1,568.80;1,546.00;462.62K;0.00%
01/22/2020;1,556.70;1,558.90;1,559.80;1,550.00;286.08K;-0.08%
01/23/2020;1,565.40;1,558.90;1,567.50;1,551.30;361.03K;0.56%
01/24/2020;1,571.90;1,562.90;1,575.50;1,555.80;427.14K;0.42%
01/27/2020;1,577.40;1,580.50;1,588.40;1,575.30;398.06K;0.35%
01/28/2020;1,569.80;1,580.60;1,582.20;1,564.60;378.01K;-0.48%
01/29/2020;1,570.40;1,566.30;1,577.70;1,562.00;251.27K;0.04%
01/30/2020;1,589.20;1,576.80;1,585.00;1,571.40;382.60K;1.20%
01/31/2020;1,587.90;1,578.40;1,595.50;1,575.00;343.37K;-0.08%
02/03/2020;1,582.40;1,597.80;1,598.50;1,573.20;320.60K;-0.35%
02/04/2020;1,555.50;1,581.50;1,584.50;1,552.80;349.00K;-1.70%
02/05/2020;1,562.80;1,556.10;1,566.20;1,551.10;306.05K;0.47%
02/06/2020;1,570.00;1,560.00;1,571.90;1,556.00;229.00K;0.46%
02/07/2020;1,573.40;1,570.70;1,577.80;1,563.50;286.42K;0.22%
02/10/2020;1,579.50;1,575.80;1,580.50;1,571.50;191.75K;0.39%
02/11/2020;1,570.10;1,575.50;1,577.50;1,565.20;231.83K;-0.60%
02/12/2020;1,571.60;1,571.20;1,573.60;1,564.40;189.55K;0.10%
02/13/2020;1,578.80;1,569.80;1,581.70;1,568.50;276.25K;0.46%
02/14/2020;1,586.40;1,579.00;1,588.20;1,576.00;227.11K;0.48%
02/17/2020;1,603.60;1,585.10;1,608.20;1,581.80;414.24K;1.08%
02/18/2020;1,603.60;1,585.10;1,608.20;1,581.80;414.24K;0.00%
02/19/2020;1,611.80;1,604.80;1,615.90;1,602.40;307.89K;0.51%
02/20/2020;1,620.50;1,615.00;1,626.50;1,606.60;403.04K;0.54%
02/21/2020;1,648.80;1,623.60;1,652.10;1,621.60;489.19K;1.75%
02/24/2020;1,676.60;1,656.00;1,691.70;1,652.80;680.82K;1.69%
02/25/2020;1,650.00;1,661.80;1,666.70;1,627.00;672.76K;-1.59%
02/26/2020;1,643.10;1,637.30;1,657.10;1,626.60;531.90K;-0.42%
02/27/2020;1,642.50;1,643.00;1,662.50;1,636.70;573.29K;-0.04%
02/28/2020;1,566.70;1,646.10;1,651.00;1,564.00;745.84K;-4.61%
03/02/2020;1,594.80;1,592.80;1,612.10;1,576.30;443.53K;1.79%
03/03/2020;1,644.40;1,586.00;1,650.50;1,585.90;466.53K;3.11%
03/04/2020;1,643.00;1,640.10;1,654.30;1,632.60;313.34K;-0.09%
03/05/2020;1,668.00;1,638.20;1,675.50;1,635.60;363.00K;1.52%
03/06/2020;1,672.40;1,673.10;1,692.80;1,642.40;659.63K;0.26%
03/09/2020;1,675.70;1,692.60;1,704.30;1,658.00;504.16K;0.20%
03/10/2020;1,660.30;1,679.60;1,681.30;1,641.10;385.48K;-0.92%
03/11/2020;1,642.30;1,649.30;1,671.80;1,632.40;404.35K;-1.08%
03/12/2020;1,590.30;1,633.10;1,651.00;1,560.40;605.72K;-3.17%
03/13/2020;1,516.70;1,582.70;1,597.90;1,504.00;551.05K;-4.63%
03/16/2020;1,486.50;1,563.80;1,574.80;1,450.90;565.98K;-1.99%
03/17/2020;1,525.80;1,512.80;1,554.30;1,465.60;434.51K;2.64%
03/18/2020;1,477.90;1,527.60;1,547.00;1,473.30;435.19K;-3.14%
03/19/2020;1,479.30;1,487.20;1,502.80;1,460.10;325.29K;0.09%
03/20/2020;1,484.60;1,471.60;1,519.40;1,457.50;269.97K;0.36%
03/23/2020;1,567.60;1,505.00;1,569.30;1,484.60;362.07K;5.59%
03/24/2020;1,660.80;1,563.80;1,698.00;1,560.50;418.78K;5.95%
03/25/2020;1,633.40;1,666.20;1,699.30;1,615.20;254.19K;-1.65%
03/26/2020;1,651.20;1,642.50;1,672.50;1,611.00;215.97K;1.09%
03/27/2020;1,625.00;1,640.40;1,647.20;1,611.40;159.26K;-1.59%
03/30/2020;1,643.20;1,663.40;1,673.60;1,632.00;157.37K;1.12%
03/31/2020;1,596.60;1,643.40;1,645.60;1,588.20;176.55K;-2.84%
04/01/2020;1,591.40;1,589.40;1,612.40;1,576.00;164.48K;-0.33%
04/02/2020;1,637.70;1,602.40;1,645.60;1,595.20;167.71K;2.91%
04/03/2020;1,645.70;1,635.30;1,652.80;1,624.40;139.61K;0.49%
04/06/2020;1,693.90;1,647.70;1,715.80;1,638.20;192.75K;2.93%
04/07/2020;1,683.70;1,707.10;1,742.60;1,672.00;204.50K;-0.60%
04/08/2020;1,684.30;1,678.70;1,695.80;1,670.70;125.33K;0.04%
04/09/2020;1,752.80;1,680.50;1,754.50;1,676.50;218.80K;4.07%
04/13/2020;1,761.40;1,742.30;1,772.80;1,724.20;166.89K;0.49%
04/14/2020;1,768.90;1,761.50;1,788.80;1,747.10;241.19K;0.43%
04/15/2020;1,740.20;1,758.10;1,759.80;1,731.60;186.70K;-1.62%
04/16/2020;1,731.70;1,743.50;1,768.00;1,722.60;204.23K;-0.49%
04/17/2020;1,698.80;1,738.50;1,738.80;1,691.20;227.07K;-1.90%
04/20/2020;1,711.20;1,693.00;1,718.40;1,685.00;186.91K;0.73%
04/21/2020;1,687.80;1,713.30;1,718.00;1,666.20;248.63K;-1.37%
04/22/2020;1,738.30;1,703.10;1,742.40;1,695.40;193.73K;2.99%
04/23/2020;1,745.40;1,736.50;1,764.20;1,730.60;201.88K;0.41%
04/24/2020;1,735.60;1,753.00;1,760.20;1,725.40;180.24K;-0.56%
04/27/2020;1,723.80;1,745.00;1,745.80;1,720.00;146.64K;-0.68%
04/28/2020;1,722.20;1,724.40;1,731.90;1,704.10;171.34K;-0.09%
04/29/2020;1,713.40;1,724.80;1,733.50;1,708.20;159.60K;-0.51%
04/30/2020;1,694.20;1,729.60;1,737.00;1,687.50;234.53K;-1.12%
05/01/2020;1,700.90;1,693.50;1,714.40;1,676.00;168.02K;0.40%
05/04/2020;1,713.30;1,711.20;1,726.00;1,700.30;148.73K;0.73%
05/05/2020;1,710.60;1,711.00;1,717.80;1,695.40;184.73K;-0.16%
05/06/2020;1,688.50;1,714.10;1,716.60;1,683.00;203.37K;-1.29%
05/07/2020;1,725.80;1,686.00;1,733.20;1,683.90;250.70K;2.21%
05/08/2020;1,713.90;1,727.20;1,735.50;1,703.10;232.81K;-0.69%
05/11/2020;1,698.00;1,706.00;1,713.80;1,692.10;202.17K;-0.93%
05/12/2020;1,706.80;1,700.00;1,716.70;1,693.50;198.07K;0.52%
05/13/2020;1,716.40;1,705.00;1,726.50;1,701.60;211.61K;0.56%
05/14/2020;1,740.90;1,723.10;1,746.50;1,716.00;212.91K;1.43%
05/15/2020;1,756.30;1,738.50;1,761.20;1,736.80;200.18K;0.88%
05/18/2020;1,734.40;1,757.50;1,775.80;1,729.30;271.47K;-1.25%
05/19/2020;1,745.60;1,734.80;1,751.60;1,727.20;185.26K;0.65%
05/20/2020;1,752.10;1,749.20;1,757.60;1,744.00;184.46K;0.37%
05/21/2020;1,721.90;1,751.70;1,751.70;1,715.30;238.74K;-1.72%
05/22/2020;1,735.50;1,726.00;1,742.00;1,722.50;196.82K;0.79%
05/25/2020;1,705.60;1,734.80;1,737.20;1,700.00;313.17K;-1.72%
05/26/2020;1,705.60;1,730.20;1,737.20;1,700.00;313.17K;0.00%
05/27/2020;1,726.80;1,703.10;1,713.20;1,684.20;158.95K;1.24%
05/28/2020;1,728.30;1,725.00;1,743.70;1,720.00;164.82K;0.09%
05/29/2020;1,751.70;1,732.70;1,754.50;1,725.30;150.11K;1.35%
06/01/2020;1,750.30;1,749.80;1,761.00;1,737.60;146.13K;-0.08%
06/02/2020;1,734.00;1,750.30;1,757.00;1,728.00;175.35K;-0.93%
06/03/2020;1,704.80;1,733.70;1,738.90;1,690.30;256.52K;-1.68%
06/04/2020;1,727.40;1,702.80;1,729.00;1,698.90;198.72K;1.33%
06/05/2020;1,683.00;1,720.80;1,723.20;1,671.70;273.68K;-2.57%
06/08/2020;1,705.10;1,686.70;1,707.60;1,680.70;154.77K;1.31%
06/09/2020;1,721.90;1,703.90;1,729.40;1,697.60;182.91K;0.99%
06/10/2020;1,720.70;1,718.90;1,749.40;1,714.10;198.76K;-0.07%
06/11/2020;1,739.80;1,746.60;1,754.90;1,727.50;205.35K;1.11%
06/12/2020;1,737.30;1,733.60;1,753.00;1,728.20;151.40K;-0.14%
06/15/2020;1,727.20;1,740.70;1,743.80;1,706.20;200.23K;-0.58%
06/16/2020;1,736.50;1,732.30;1,741.30;1,721.80;182.42K;0.54%
06/17/2020;1,735.60;1,735.30;1,739.30;1,717.30;140.07K;-0.05%
06/18/2020;1,731.10;1,735.50;1,749.20;1,722.70;155.91K;-0.26%
06/19/2020;1,753.00;1,729.80;1,760.90;1,728.30;181.15K;1.27%
06/22/2020;1,766.40;1,765.80;1,779.00;1,753.50;228.68K;0.76%
06/23/2020;1,782.00;1,764.90;1,786.80;1,758.30;194.68K;0.88%
06/24/2020;1,775.10;1,784.40;1,796.10;1,770.60;239.53K;-0.39%
06/25/2020;1,770.60;1,772.30;1,779.60;1,764.10;152.20K;-0.25%
06/26/2020;1,780.30;1,774.80;1,786.20;1,754.00;201.23K;0.55%
06/29/2020;1,781.20;1,789.20;1,790.40;1,776.50;130.51K;0.05%
06/30/2020;1,800.50;1,784.20;1,804.00;1,774.80;199.42K;1.08%
07/01/2020;1,779.90;1,798.90;1,807.70;1,767.90;263.25K;-1.14%
07/02/2020;1,790.00;1,779.00;1,791.70;1,766.30;186.31K;0.57%
07/03/2020;1,793.50;1,787.90;1,799.00;1,779.20;184.65K;0.20%
07/06/2020;1,793.50;1,787.90;1,799.00;1,779.20;184.65K;0.00%
07/07/2020;1,809.90;1,793.90;1,810.80;1,781.20;221.73K;0.91%
07/08/2020;1,820.60;1,807.90;1,829.80;1,803.80;247.50K;0.59%
07/09/2020;1,803.80;1,818.80;1,825.50;1,799.60;283.37K;-0.92%
07/10/2020;1,801.90;1,808.40;1,817.00;1,796.50;223.83K;-0.11%
07/13/2020;1,814.10;1,803.40;1,818.80;1,802.10;230.40K;0.68%
07/14/2020;1,813.40;1,805.20;1,815.00;1,791.10;253.21K;-0.04%
07/15/2020;1,813.80;1,811.10;1,819.50;1,804.00;183.06K;0.02%
07/16/2020;1,800.30;1,813.10;1,816.20;1,794.10;196.57K;-0.74%
07/17/2020;1,810.00;1,796.90;1,813.90;1,795.20;167.01K;0.54%
07/20/2020;1,817.40;1,812.30;1,823.40;1,806.60;177.74K;0.41%
07/21/2020;1,843.90;1,819.60;1,844.90;1,817.20;271.09K;1.46%
07/22/2020;1,865.10;1,842.80;1,871.80;1,842.10;382.23K;1.15%
07/23/2020;1,890.00;1,871.60;1,897.70;1,863.10;418.75K;1.34%
07/24/2020;1,897.50;1,884.90;1,904.60;1,880.50;300.17K;0.40%
07/27/2020;1,931.00;1,901.20;1,941.90;1,899.00;428.23K;1.77%
07/28/2020;1,944.60;1,937.10;1,974.70;1,900.20;434.45K;0.70%
07/29/2020;1,953.40;1,950.60;1,974.90;1,935.20;209.84K;0.45%
07/30/2020;1,966.80;1,963.40;1,965.10;1,930.00;271.38K;0.69%
07/31/2020;1,985.90;1,973.60;2,005.40;1,971.40;279.32K;0.97%
08/03/2020;1,986.30;1,997.40;2,009.50;1,975.20;178.75K;0.02%
08/04/2020;2,021.00;1,993.50;2,037.70;1,982.60;274.42K;1.75%
08/05/2020;2,049.30;2,037.00;2,070.30;2,027.50;366.38K;1.40%
08/06/2020;2,069.40;2,055.00;2,081.80;2,049.00;312.76K;0.98%
08/07/2020;2,028.00;2,076.40;2,089.20;2,024.80;398.13K;-2.00%
08/10/2020;2,039.70;2,044.80;2,060.80;2,027.80;251.31K;0.58%
08/11/2020;1,946.30;2,038.40;2,040.50;1,911.30;565.00K;-4.58%
08/12/2020;1,949.00;1,921.60;1,961.00;1,874.20;459.84K;0.14%
08/13/2020;1,970.40;1,927.30;1,974.80;1,923.00;349.89K;1.10%
08/14/2020;1,949.80;1,963.80;1,970.00;1,939.10;241.80K;-1.05%
08/17/2020;1,998.70;1,956.40;2,000.80;1,939.10;289.44K;2.51%
08/18/2020;2,013.10;1,993.60;2,024.60;1,985.20;361.48K;0.72%
08/19/2020;1,970.30;2,010.50;2,015.60;1,930.50;443.26K;-2.13%
08/20/2020;1,946.50;1,934.40;1,963.10;1,928.90;383.34K;-1.21%
08/21/2020;1,947.00;1,955.60;1,963.10;1,916.60;355.07K;0.03%
08/24/2020;1,939.20;1,947.90;1,970.30;1,930.80;286.26K;-0.40%
08/25/2020;1,923.10;1,935.90;1,944.10;1,919.10;274.11K;-0.83%
08/26/2020;1,952.50;1,939.00;1,963.40;1,908.40;342.21K;1.53%
08/27/2020;1,932.60;1,963.00;1,987.00;1,914.70;467.17K;-1.02%
08/28/2020;1,974.90;1,937.50;1,983.00;1,928.20;334.10K;2.19%
08/31/2020;1,978.60;1,973.90;1,985.80;1,962.30;245.11K;0.19%
09/01/2020;1,978.90;1,973.70;2,001.20;1,969.20;304.89K;0.02%
09/02/2020;1,944.70;1,976.80;1,980.40;1,938.90;332.59K;-1.73%
09/03/2020;1,937.80;1,948.90;1,956.60;1,927.20;303.03K;-0.35%
09/04/2020;1,934.30;1,938.00;1,956.60;1,921.60;304.74K;-0.18%
09/07/2020;1,943.20;1,938.00;1,948.30;1,911.70;416.01K;0.46%
09/08/2020;1,943.20;1,938.00;1,948.30;1,911.70;416.01K;0.00%
09/09/2020;1,954.90;1,939.40;1,959.70;1,926.30;227.18K;0.60%
09/10/2020;1,964.30;1,955.30;1,975.20;1,948.60;271.48K;0.48%
09/11/2020;1,947.90;1,953.80;1,963.40;1,944.00;205.23K;-0.83%
09/14/2020;1,963.70;1,948.90;1,972.50;1,945.20;200.09K;0.81%
09/15/2020;1,966.20;1,966.20;1,982.40;1,955.60;239.54K;0.13%
09/16/2020;1,970.50;1,961.40;1,983.80;1,957.20;298.39K;0.22%
09/17/2020;1,949.90;1,967.60;1,969.30;1,938.20;273.14K;-1.05%
09/18/2020;1,962.10;1,951.10;1,968.20;1,951.10;174.77K;0.63%
09/21/2020;1,910.60;1,957.30;1,962.90;1,885.40;386.67K;-2.62%
09/22/2020;1,907.60;1,918.10;1,925.50;1,898.90;282.71K;-0.16%
09/23/2020;1,868.40;1,905.10;1,909.90;1,856.00;411.56K;-2.05%
09/24/2020;1,876.90;1,866.90;1,880.90;1,851.00;345.04K;0.45%
09/25/2020;1,866.30;1,872.70;1,879.30;1,854.10;230.86K;-0.56%
09/28/2020;1,882.30;1,862.70;1,888.20;1,851.10;235.92K;0.86%
09/29/2020;1,903.20;1,886.40;1,904.80;1,880.80;217.80K;1.11%
09/30/2020;1,895.50;1,903.20;1,908.20;1,885.80;259.87K;-0.40%
10/01/2020;1,916.30;1,891.20;1,917.90;1,890.00;262.09K;1.10%
10/02/2020;1,907.60;1,911.00;1,923.60;1,895.20;212.73K;-0.45%
10/05/2020;1,920.10;1,910.90;1,924.90;1,891.20;177.59K;0.66%
10/06/2020;1,908.80;1,917.80;1,927.00;1,878.20;219.44K;-0.59%
10/07/2020;1,890.80;1,882.60;1,902.40;1,877.10;188.59K;-0.94%
10/08/2020;1,895.10;1,890.60;1,905.30;1,885.30;185.45K;0.23%
10/09/2020;1,926.20;1,898.40;1,936.80;1,898.00;229.85K;1.64%
10/12/2020;1,928.90;1,935.00;1,939.40;1,923.80;157.21K;0.14%
10/13/2020;1,894.60;1,927.30;1,930.60;1,889.30;267.54K;-1.78%
10/14/2020;1,907.30;1,895.40;1,917.50;1,885.00;188.30K;0.67%
10/15/2020;1,908.90;1,906.00;1,913.20;1,892.70;213.57K;0.08%
10/16/2020;1,906.40;1,912.70;1,918.70;1,901.10;146.91K;-0.13%
10/19/2020;1,911.70;1,903.20;1,923.40;1,900.20;159.85K;0.28%
10/20/2020;1,915.40;1,906.40;1,917.60;1,896.60;163.91K;0.19%
10/21/2020;1,929.50;1,911.60;1,936.00;1,911.60;201.27K;0.74%
10/22/2020;1,904.60;1,927.40;1,929.40;1,894.20;215.58K;-1.29%
10/23/2020;1,905.20;1,906.50;1,917.30;1,895.20;172.96K;0.03%
10/26/2020;1,905.70;1,906.00;1,911.10;1,892.50;166.31K;0.03%
10/27/2020;1,911.90;1,904.40;1,913.80;1,898.70;153.30K;0.33%
10/28/2020;1,879.20;1,909.80;1,912.60;1,869.10;297.09K;-1.71%
10/29/2020;1,868.00;1,877.50;1,885.10;1,859.20;225.16K;-0.60%
10/30/2020;1,879.90;1,867.90;1,890.90;1,863.30;213.17K;0.64%
11/02/2020;1,892.50;1,877.00;1,897.10;1,873.30;164.94K;0.67%
11/03/2020;1,910.40;1,896.40;1,912.20;1,887.60;171.37K;0.95%
11/04/2020;1,896.20;1,910.30;1,917.90;1,881.80;293.95K;-0.74%
11/05/2020;1,946.80;1,903.40;1,954.30;1,902.20;297.51K;2.67%
11/06/2020;1,951.70;1,950.00;1,961.80;1,937.20;246.78K;0.25%
11/09/2020;1,854.40;1,956.00;1,966.10;1,848.00;496.09K;-4.99%
11/10/2020;1,876.40;1,864.10;1,888.90;1,858.90;264.87K;1.19%
11/11/2020;1,861.60;1,876.10;1,882.50;1,853.90;215.17K;-0.79%
11/12/2020;1,873.30;1,863.90;1,883.00;1,860.70;209.93K;0.63%
11/13/2020;1,886.20;1,875.60;1,895.80;1,872.10;162.54K;0.69%
11/16/2020;1,887.80;1,886.60;1,898.00;1,861.50;222.94K;0.08%
11/17/2020;1,885.10;1,888.20;1,892.70;1,876.30;160.88K;-0.14%
11/18/2020;1,873.90;1,879.50;1,884.20;1,860.30;209.00K;-0.59%
11/19/2020;1,861.50;1,872.00;1,872.60;1,850.00;222.35K;-0.66%
11/20/2020;1,872.40;1,864.80;1,879.20;1,859.10;186.17K;0.59%
11/23/2020;1,837.80;1,869.80;1,875.00;1,828.00;319.66K;-1.85%
11/24/2020;1,804.60;1,835.70;1,836.90;1,797.10;367.88K;-1.81%
11/25/2020;1,805.50;1,805.20;1,816.30;1,798.60;205.75K;0.05%
11/26/2020;1,788.10;1,812.10;1,822.60;1,776.50;282.35K;-0.96%
11/27/2020;1,781.90;1,806.10;1,817.00;1,770.70;282.35K;-0.35%
11/30/2020;1,780.90;1,790.80;1,793.30;1,767.20;242.73K;-0.06%
12/01/2020;1,818.90;1,780.30;1,821.10;1,778.40;203.65K;2.13%
12/02/2020;1,830.20;1,819.10;1,835.70;1,810.50;185.32K;0.62%
12/03/2020;1,841.10;1,833.90;1,847.40;1,826.70;180.36K;0.60%
12/04/2020;1,840.00;1,844.70;1,852.70;1,832.00;171.26K;-0.06%
12/07/2020;1,866.00;1,841.10;1,873.00;1,824.80;209.04K;1.41%
12/08/2020;1,874.90;1,866.10;1,879.80;1,863.90;151.79K;0.48%
12/09/2020;1,838.50;1,875.40;1,875.90;1,828.20;219.59K;-1.94%
12/10/2020;1,837.40;1,843.00;1,854.20;1,831.50;164.80K;-0.06%
12/11/2020;1,843.60;1,840.00;1,851.80;1,826.80;153.80K;0.34%
12/14/2020;1,832.10;1,845.00;1,845.60;1,820.00;168.49K;-0.62%
12/15/2020;1,855.30;1,830.50;1,859.30;1,828.50;173.61K;1.27%
12/16/2020;1,859.10;1,857.70;1,870.00;1,848.20;199.68K;0.20%
12/17/2020;1,890.40;1,868.40;1,902.00;1,865.90;219.87K;1.68%
12/18/2020;1,888.90;1,891.30;1,895.70;1,881.90;153.23K;-0.08%
12/21/2020;1,882.80;1,892.90;1,912.00;1,859.00;232.05K;-0.32%
12/22/2020;1,870.30;1,883.00;1,889.40;1,863.70;176.02K;-0.66%
12/23/2020;1,878.10;1,865.60;1,883.70;1,860.90;162.54K;0.42%
12/24/2020;1,883.20;1,877.30;1,887.40;1,873.10;89.41K;0.27%
12/28/2020;1,880.40;1,887.00;1,904.10;1,873.00;196.76K;-0.15%
12/29/2020;1,882.90;1,878.00;1,891.30;1,875.60;149.27K;0.13%
12/30/2020;1,893.40;1,881.80;1,899.00;1,879.50;133.66K;0.56%
12/31/2020;1,895.10;1,899.00;1,904.90;1,889.10;130.63K;0.09%
01/04/2021;1,946.60;1,908.20;1,948.70;1,906.10;273.37K;2.72%
01/05/2021;1,954.40;1,946.00;1,957.00;1,938.40;201.95K;0.40%
01/06/2021;1,908.60;1,952.80;1,962.50;1,902.60;366.61K;-2.34%
01/07/2021;1,913.60;1,921.50;1,929.60;1,907.50;199.98K;0.26%
01/08/2021;1,835.40;1,915.20;1,918.40;1,827.80;443.51K;-4.09%
01/11/2021;1,850.80;1,849.40;1,856.00;1,817.10;268.36K;0.84%
01/12/2021;1,844.20;1,845.40;1,864.00;1,835.80;240.66K;-0.36%
01/13/2021;1,854.90;1,855.00;1,863.00;1,841.60;225.99K;0.58%
01/14/2021;1,851.40;1,845.60;1,857.60;1,826.60;257.66K;-0.19%
01/15/2021;1,829.90;1,847.30;1,856.60;1,822.10;231.11K;-1.16%
01/18/2021;1,840.20;1,828.80;1,845.00;1,800.80;331.59K;0.56%
01/19/2021;1,840.20;1,828.80;1,845.00;1,800.80;331.59K;0.00%
01/20/2021;1,866.50;1,839.90;1,872.00;1,831.10;274.40K;1.43%
01/21/2021;1,865.90;1,871.00;1,874.60;1,857.50;196.94K;-0.03%
01/22/2021;1,856.20;1,870.10;1,870.80;1,836.30;249.72K;-0.52%
01/25/2021;1,855.20;1,855.30;1,867.40;1,846.20;211.98K;-0.05%
01/26/2021;1,850.90;1,854.90;1,860.80;1,847.20;170.26K;-0.23%
01/27/2021;1,844.90;1,849.70;1,851.50;1,828.40;195.54K;-0.32%
01/28/2021;1,841.20;1,843.40;1,862.90;1,831.50;277.59K;-0.20%
01/29/2021;1,850.30;1,845.60;1,878.90;1,841.20;276.17K;0.49%
02/01/2021;1,863.90;1,865.00;1,876.00;1,851.70;242.05K;0.74%
02/02/2021;1,833.40;1,863.60;1,866.30;1,830.40;236.00K;-1.64%
02/03/2021;1,835.10;1,838.50;1,845.90;1,830.10;137.23K;0.09%
02/04/2021;1,791.20;1,834.50;1,835.70;1,784.60;279.62K;-2.39%
02/05/2021;1,813.00;1,794.30;1,816.00;1,792.20;205.76K;1.22%
02/08/2021;1,834.20;1,818.10;1,840.60;1,807.30;177.56K;1.17%
02/09/2021;1,837.50;1,832.40;1,849.50;1,830.30;154.39K;0.18%
02/10/2021;1,842.70;1,838.30;1,856.60;1,834.00;176.44K;0.28%
02/11/2021;1,826.80;1,844.30;1,848.60;1,821.70;147.02K;-0.86%
02/12/2021;1,823.20;1,825.40;1,831.50;1,810.10;171.90K;-0.20%
02/15/2021;1,799.00;1,826.00;1,827.10;1,788.10;355.92K;-1.33%
02/16/2021;1,799.00;1,826.00;1,827.10;1,788.10;355.92K;0.00%
02/17/2021;1,772.80;1,793.10;1,794.20;1,767.90;257.34K;-1.46%
02/18/2021;1,775.00;1,776.00;1,788.80;1,766.60;224.77K;0.12%
02/19/2021;1,777.40;1,774.60;1,790.90;1,759.00;251.78K;0.14%
02/22/2021;1,808.40;1,782.00;1,812.40;1,778.60;221.20K;1.74%
02/23/2021;1,805.90;1,809.30;1,815.20;1,794.50;191.15K;-0.14%
02/24/2021;1,797.90;1,805.00;1,813.00;1,782.20;224.06K;-0.44%
02/25/2021;1,775.40;1,804.90;1,805.00;1,763.90;316.25K;-1.25%
02/26/2021;1,728.80;1,770.90;1,773.80;1,714.90;362.55K;-2.62%
03/01/2021;1,723.00;1,732.80;1,757.40;1,717.20;241.92K;-0.34%
03/02/2021;1,733.60;1,722.80;1,737.80;1,704.60;235.96K;0.62%
03/03/2021;1,715.80;1,736.50;1,739.10;1,699.40;255.65K;-1.03%
03/04/2021;1,700.70;1,708.40;1,721.60;1,687.60;277.45K;-0.88%
03/05/2021;1,698.50;1,695.30;1,705.70;1,683.00;269.33K;-0.13%
03/08/2021;1,678.00;1,701.60;1,712.00;1,673.30;273.91K;-1.21%
03/09/2021;1,716.90;1,679.30;1,718.70;1,676.70;248.95K;2.32%
03/10/2021;1,721.80;1,714.50;1,725.30;1,705.60;226.89K;0.29%
03/11/2021;1,722.60;1,725.00;1,738.00;1,716.80;215.34K;0.05%
03/12/2021;1,719.80;1,720.50;1,728.00;1,696.60;232.21K;-0.16%
03/15/2021;1,729.20;1,726.50;1,733.20;1,719.20;163.05K;0.55%
03/16/2021;1,730.90;1,730.70;1,740.50;1,724.40;173.89K;0.10%
03/17/2021;1,727.10;1,730.00;1,750.60;1,722.00;220.55K;-0.22%
03/18/2021;1,732.50;1,744.00;1,754.20;1,716.60;251.76K;0.31%
03/19/2021;1,741.70;1,733.70;1,746.10;1,727.10;213.28K;0.53%
03/22/2021;1,738.10;1,745.60;1,747.00;1,726.40;196.31K;-0.21%
03/23/2021;1,725.10;1,738.50;1,742.00;1,722.70;226.20K;-0.75%
03/24/2021;1,733.20;1,725.90;1,737.70;1,722.30;186.52K;0.47%
03/25/2021;1,725.10;1,733.20;1,744.80;1,720.30;226.21K;-0.47%
03/26/2021;1,732.30;1,725.50;1,735.50;1,718.80;172.94K;0.42%
03/29/2021;1,714.60;1,731.50;1,732.60;1,703.30;182.75K;-1.02%
03/30/2021;1,686.00;1,713.00;1,714.80;1,678.30;225.87K;-1.67%
03/31/2021;1,715.60;1,685.90;1,716.30;1,677.30;210.77K;1.76%
04/01/2021;1,728.40;1,709.00;1,732.00;1,706.40;170.43K;0.75%
04/05/2021;1,728.80;1,730.00;1,734.40;1,721.60;101.75K;0.02%
04/06/2021;1,743.00;1,729.20;1,746.70;1,728.20;152.60K;0.82%
04/07/2021;1,741.60;1,744.40;1,745.40;1,731.20;122.80K;-0.08%
04/08/2021;1,758.20;1,738.60;1,759.40;1,733.60;144.57K;0.95%
04/09/2021;1,744.80;1,756.50;1,758.20;1,730.80;171.40K;-0.76%
04/12/2021;1,732.70;1,744.50;1,746.20;1,727.00;125.36K;-0.69%
04/13/2021;1,747.60;1,732.20;1,749.50;1,723.20;175.59K;0.86%
04/14/2021;1,736.30;1,746.40;1,750.70;1,732.30;145.26K;-0.65%
04/15/2021;1,766.80;1,736.60;1,770.60;1,734.40;198.14K;1.76%
04/16/2021;1,780.20;1,764.80;1,784.70;1,760.30;173.50K;0.76%
04/19/2021;1,770.60;1,778.80;1,790.40;1,766.60;180.73K;-0.54%
04/20/2021;1,778.40;1,770.50;1,780.80;1,763.50;169.04K;0.44%
04/21/2021;1,793.10;1,779.10;1,798.40;1,776.60;173.97K;0.83%
04/22/2021;1,782.00;1,794.50;1,798.10;1,777.10;163.75K;-0.62%
04/23/2021;1,777.80;1,784.00;1,796.30;1,769.50;175.85K;-0.24%
04/26/2021;1,780.10;1,776.10;1,783.10;1,768.20;143.36K;0.13%
04/27/2021;1,778.80;1,781.10;1,785.90;1,773.90;147.95K;-0.07%
04/28/2021;1,773.90;1,776.40;1,782.70;1,761.80;198.58K;-0.28%
04/29/2021;1,768.30;1,781.90;1,789.90;1,754.60;231.52K;-0.32%
04/30/2021;1,767.70;1,772.40;1,773.30;1,763.30;167.29K;-0.03%
05/03/2021;1,791.80;1,768.10;1,798.90;1,765.60;204.54K;1.36%
05/04/2021;1,776.00;1,793.20;1,799.50;1,769.20;246.59K;-0.88%
05/05/2021;1,784.30;1,778.40;1,788.10;1,769.30;178.81K;0.47%
05/06/2021;1,815.70;1,787.00;1,818.60;1,781.80;287.63K;1.76%
05/07/2021;1,831.30;1,815.40;1,844.60;1,813.40;367.70K;0.86%
05/10/2021;1,837.60;1,835.40;1,846.30;1,830.50;269.71K;0.34%
05/11/2021;1,836.10;1,836.20;1,842.50;1,817.80;311.10K;-0.08%
05/12/2021;1,822.80;1,838.20;1,844.70;1,813.00;339.21K;-0.72%
05/13/2021;1,824.00;1,816.20;1,829.10;1,808.40;249.93K;0.07%
05/14/2021;1,838.10;1,826.40;1,847.10;1,819.00;224.38K;0.77%
05/17/2021;1,867.60;1,845.90;1,869.30;1,841.10;267.71K;1.60%
05/18/2021;1,868.00;1,867.30;1,875.90;1,863.50;229.02K;0.02%
05/19/2021;1,881.50;1,870.20;1,891.30;1,852.20;398.21K;0.72%
05/20/2021;1,881.90;1,869.90;1,885.30;1,864.20;223.57K;0.02%
05/21/2021;1,876.70;1,878.10;1,890.30;1,870.30;234.29K;-0.28%
05/24/2021;1,884.50;1,883.50;1,887.90;1,875.70;183.31K;0.42%
05/25/2021;1,898.00;1,881.20;1,901.20;1,873.20;316.67K;0.72%
05/26/2021;1,903.80;1,900.00;1,913.30;1,890.70;178.18K;0.31%
05/27/2021;1,898.50;1,899.30;1,906.50;1,890.80;211.79K;-0.28%
05/28/2021;1,905.30;1,899.80;1,908.80;1,884.30;198.14K;0.36%
05/31/2021;1,905.00;1,906.80;1,919.20;1,894.50;290.65K;-0.02%
06/01/2021;1,905.00;1,906.80;1,919.20;1,894.50;290.65K;0.00%
06/02/2021;1,909.90;1,903.00;1,911.80;1,896.40;166.04K;0.26%
06/03/2021;1,873.30;1,910.50;1,912.30;1,866.70;278.58K;-1.92%
06/04/2021;1,892.00;1,872.70;1,899.00;1,855.60;228.83K;1.00%
06/07/2021;1,898.80;1,894.30;1,902.90;1,883.70;146.02K;0.36%
06/08/2021;1,894.40;1,901.60;1,906.90;1,885.70;173.60K;-0.23%
06/09/2021;1,895.50;1,894.40;1,901.70;1,889.30;147.33K;0.06%
06/10/2021;1,896.40;1,891.40;1,903.00;1,871.80;250.55K;0.05%
06/11/2021;1,879.60;1,901.90;1,906.20;1,876.10;220.46K;-0.89%
06/14/2021;1,865.90;1,879.60;1,879.70;1,845.70;242.30K;-0.73%
06/15/2021;1,856.40;1,867.80;1,870.90;1,853.00;155.34K;-0.51%
06/16/2021;1,861.40;1,861.00;1,866.00;1,804.40;234.10K;0.27%
06/17/2021;1,774.80;1,812.30;1,826.40;1,767.90;385.89K;-4.65%
06/18/2021;1,769.00;1,773.90;1,797.90;1,761.20;264.61K;-0.33%
06/21/2021;1,782.90;1,764.30;1,786.90;1,764.10;187.67K;0.79%
06/22/2021;1,777.40;1,783.20;1,790.10;1,771.20;172.75K;-0.31%
06/23/2021;1,783.40;1,779.10;1,795.60;1,773.10;179.27K;0.34%
06/24/2021;1,776.70;1,778.20;1,788.60;1,772.70;152.23K;-0.38%
06/25/2021;1,777.80;1,775.70;1,791.00;1,773.60;161.20K;0.06%
06/28/2021;1,780.70;1,782.00;1,786.10;1,770.40;160.79K;0.16%
06/29/2021;1,763.60;1,778.80;1,779.20;1,750.10;239.91K;-0.96%
06/30/2021;1,771.60;1,761.90;1,774.70;1,753.20;177.89K;0.45%
07/01/2021;1,776.80;1,770.80;1,783.40;1,765.90;171.44K;0.29%
07/02/2021;1,783.30;1,777.50;1,795.90;1,774.40;205.86K;0.37%
07/05/2021;1,794.20;1,787.50;1,815.70;1,784.70;276.60K;0.61%
07/06/2021;1,794.20;1,787.50;1,815.70;1,784.70;276.60K;0.00%
07/07/2021;1,802.10;1,797.00;1,810.20;1,794.10;171.08K;0.44%
07/08/2021;1,800.20;1,803.80;1,819.50;1,793.50;249.34K;-0.11%
07/09/2021;1,810.60;1,803.20;1,813.00;1,796.60;185.58K;0.58%
07/12/2021;1,805.90;1,808.50;1,811.00;1,791.00;201.42K;-0.26%
07/13/2021;1,809.90;1,806.70;1,818.00;1,798.70;242.18K;0.22%
07/14/2021;1,825.00;1,808.30;1,831.10;1,804.90;229.88K;0.83%
07/15/2021;1,829.00;1,828.70;1,835.00;1,820.60;175.61K;0.22%
07/16/2021;1,815.00;1,830.70;1,832.70;1,809.50;184.66K;-0.77%
07/19/2021;1,809.20;1,811.60;1,818.00;1,795.00;249.68K;-0.32%
07/20/2021;1,811.40;1,813.50;1,825.90;1,805.20;221.14K;0.12%
07/21/2021;1,803.40;1,810.60;1,814.40;1,794.30;218.64K;-0.44%
07/22/2021;1,805.40;1,803.90;1,808.40;1,791.90;193.32K;0.11%
07/23/2021;1,801.80;1,807.70;1,810.70;1,789.10;236.76K;-0.20%
07/26/2021;1,799.20;1,802.30;1,812.00;1,796.00;204.55K;-0.14%
07/27/2021;1,799.80;1,797.10;1,805.40;1,792.80;177.04K;0.03%
07/28/2021;1,799.70;1,798.60;1,809.00;1,790.70;209.78K;-0.01%
07/29/2021;1,835.80;1,806.60;1,832.60;1,806.10;212.07K;2.01%
07/30/2021;1,817.20;1,832.50;1,835.50;1,813.10;157.14K;-1.01%
08/02/2021;1,822.20;1,817.00;1,823.20;1,808.20;159.76K;0.28%
08/03/2021;1,814.10;1,816.80;1,818.20;1,809.50;103.45K;-0.44%
08/04/2021;1,814.50;1,813.70;1,835.90;1,808.30;244.68K;0.02%
08/05/2021;1,808.90;1,814.90;1,817.90;1,799.70;169.84K;-0.31%
08/06/2021;1,763.10;1,806.70;1,807.00;1,759.50;323.15K;-2.53%
08/09/2021;1,726.50;1,765.00;1,765.70;1,677.90;289.54K;-2.08%
08/10/2021;1,731.70;1,732.00;1,739.40;1,718.50;182.56K;0.30%
08/11/2021;1,753.30;1,730.40;1,756.70;1,724.60;185.44K;1.25%
08/12/2021;1,751.80;1,752.90;1,759.60;1,742.60;137.12K;-0.09%
08/13/2021;1,778.20;1,754.40;1,781.90;1,753.00;144.81K;1.51%
08/16/2021;1,789.80;1,780.90;1,791.30;1,772.00;137.70K;0.65%
08/17/2021;1,787.80;1,789.10;1,797.60;1,782.10;144.82K;-0.11%
08/18/2021;1,784.40;1,787.80;1,795.70;1,778.80;132.73K;-0.19%
08/19/2021;1,783.10;1,789.50;1,795.00;1,774.60;151.25K;-0.07%
08/20/2021;1,784.00;1,782.80;1,791.00;1,780.00;107.97K;0.05%
08/23/2021;1,806.30;1,781.20;1,809.10;1,778.00;156.32K;1.25%
08/24/2021;1,808.50;1,807.60;1,812.20;1,802.60;114.79K;0.12%
08/25/2021;1,791.00;1,805.10;1,805.30;1,784.00;163.46K;-0.97%
08/26/2021;1,795.20;1,793.00;1,800.40;1,781.30;134.53K;0.23%
08/27/2021;1,819.50;1,795.20;1,821.90;1,785.20;203.64K;1.35%
08/30/2021;1,812.20;1,821.60;1,826.50;1,810.00;104.88K;-0.40%
08/31/2021;1,818.10;1,812.20;1,821.90;1,803.40;170.39K;0.33%
09/01/2021;1,816.00;1,816.70;1,822.70;1,810.60;140.12K;-0.12%
09/02/2021;1,811.50;1,816.20;1,819.60;1,806.50;113.03K;-0.25%
09/03/2021;1,833.70;1,811.50;1,836.90;1,810.90;184.98K;1.23%
09/06/2021;1,798.50;1,833.50;1,833.50;1,793.70;252.48K;-1.92%
09/07/2021;1,798.50;1,833.50;1,833.50;1,793.70;252.48K;0.00%
09/08/2021;1,793.50;1,796.10;1,804.40;1,783.10;161.26K;-0.28%
09/09/2021;1,800.00;1,790.90;1,803.40;1,785.10;154.13K;0.36%
09/10/2021;1,792.10;1,796.20;1,806.00;1,788.20;136.25K;-0.44%
09/13/2021;1,794.40;1,789.80;1,800.20;1,784.40;114.31K;0.13%
09/14/2021;1,807.10;1,794.80;1,810.60;1,780.60;197.95K;0.71%
09/15/2021;1,794.80;1,806.60;1,808.50;1,791.70;139.30K;-0.68%
09/16/2021;1,756.70;1,795.50;1,797.30;1,745.50;255.27K;-2.12%
09/17/2021;1,751.40;1,754.60;1,767.80;1,747.10;183.25K;-0.30%
09/20/2021;1,763.80;1,754.20;1,768.40;1,742.30;152.45K;0.71%
09/21/2021;1,778.20;1,765.50;1,782.80;1,758.30;141.62K;0.82%
09/22/2021;1,778.80;1,775.00;1,788.40;1,764.60;172.35K;0.03%
09/23/2021;1,749.80;1,769.20;1,777.10;1,737.50;225.46K;-1.63%
09/24/2021;1,751.70;1,743.70;1,758.00;1,740.20;151.55K;0.11%
09/27/2021;1,752.00;1,751.80;1,760.90;1,744.70;137.57K;0.02%
09/28/2021;1,737.50;1,750.00;1,754.30;1,727.80;215.84K;-0.83%
09/29/2021;1,722.90;1,734.00;1,746.00;1,721.10;177.39K;-0.84%
09/30/2021;1,757.00;1,726.00;1,765.00;1,721.80;246.37K;1.98%
10/01/2021;1,758.40;1,757.20;1,765.20;1,749.90;151.20K;0.08%
10/04/2021;1,767.60;1,762.60;1,771.50;1,747.70;166.18K;0.52%
10/05/2021;1,760.90;1,770.80;1,771.10;1,748.60;151.42K;-0.38%
10/06/2021;1,761.80;1,760.50;1,765.90;1,745.40;159.22K;0.05%
10/07/2021;1,759.20;1,763.80;1,767.70;1,752.00;146.41K;-0.15%
10/08/2021;1,757.40;1,757.00;1,782.40;1,753.60;240.37K;-0.10%
10/11/2021;1,755.70;1,757.40;1,761.10;1,749.90;114.77K;-0.10%
10/12/2021;1,759.30;1,753.60;1,770.00;1,750.50;168.11K;0.21%
10/13/2021;1,794.70;1,760.40;1,797.40;1,757.90;299.04K;2.01%
10/14/2021;1,797.90;1,793.60;1,801.90;1,787.60;164.65K;0.18%
10/15/2021;1,768.30;1,797.30;1,797.70;1,765.10;202.63K;-1.65%
10/18/2021;1,765.70;1,767.50;1,772.50;1,760.30;152.74K;-0.15%
10/19/2021;1,770.50;1,764.80;1,786.00;1,763.40;166.97K;0.27%
10/20/2021;1,784.90;1,769.40;1,789.60;1,767.10;174.08K;0.81%
10/21/2021;1,781.90;1,782.50;1,790.30;1,776.80;138.73K;-0.17%
10/22/2021;1,796.30;1,783.70;1,815.50;1,783.40;312.81K;0.81%
10/25/2021;1,806.80;1,794.20;1,811.50;1,793.00;153.59K;0.58%
10/26/2021;1,793.40;1,808.70;1,809.80;1,783.00;197.93K;-0.74%
10/27/2021;1,798.80;1,795.00;1,801.00;1,784.30;182.80K;0.30%
10/28/2021;1,802.60;1,798.70;1,812.70;1,793.10;220.88K;0.21%
10/29/2021;1,783.90;1,801.50;1,802.90;1,772.40;254.51K;-1.04%
11/01/2021;1,795.80;1,785.30;1,797.50;1,780.20;143.33K;0.67%
11/02/2021;1,789.40;1,794.80;1,797.80;1,787.40;145.79K;-0.36%
11/03/2021;1,763.90;1,789.20;1,789.30;1,758.50;257.43K;-1.43%
11/04/2021;1,793.50;1,769.90;1,800.30;1,769.30;222.61K;1.68%
11/05/2021;1,816.80;1,792.60;1,820.10;1,785.30;299.62K;1.30%
11/08/2021;1,828.00;1,820.60;1,828.30;1,813.80;200.41K;0.62%
11/09/2021;1,830.80;1,826.90;1,834.80;1,821.00;224.41K;0.15%
11/10/2021;1,848.30;1,834.50;1,870.60;1,823.00;352.79K;0.96%
11/11/2021;1,863.90;1,851.50;1,868.70;1,845.10;205.31K;0.84%
11/12/2021;1,868.50;1,864.30;1,871.40;1,847.50;201.36K;0.25%
11/15/2021;1,866.60;1,872.60;1,873.00;1,858.50;221.21K;-0.10%
11/16/2021;1,854.10;1,864.90;1,879.50;1,851.00;220.43K;-0.67%
11/17/2021;1,870.20;1,851.60;1,870.60;1,851.10;172.42K;0.87%
11/18/2021;1,861.40;1,869.50;1,873.30;1,856.60;186.06K;-0.47%
11/19/2021;1,851.60;1,860.80;1,868.10;1,844.20;234.08K;-0.53%
11/22/2021;1,806.30;1,848.30;1,850.40;1,802.40;352.86K;-2.45%
11/23/2021;1,783.80;1,807.10;1,812.50;1,781.70;311.35K;-1.25%
11/24/2021;1,784.30;1,789.80;1,796.20;1,777.40;203.24K;0.03%
11/25/2021;1,785.50;1,789.60;1,816.30;1,778.60;186.80K;0.07%
11/26/2021;1,785.50;1,789.60;1,816.30;1,778.60;186.80K;0.00%
11/29/2021;1,785.20;1,791.70;1,798.90;1,779.10;151.37K;-0.02%
11/30/2021;1,776.50;1,786.90;1,811.40;1,771.20;242.86K;-0.49%
12/01/2021;1,784.30;1,777.40;1,795.70;1,773.70;180.34K;0.44%
12/02/2021;1,762.70;1,783.80;1,785.20;1,762.20;172.72K;-1.21%
12/03/2021;1,783.90;1,769.40;1,788.00;1,766.00;175.18K;1.20%
12/06/2021;1,779.50;1,787.70;1,789.00;1,776.40;104.48K;-0.25%
12/07/2021;1,784.70;1,779.50;1,789.30;1,772.40;129.89K;0.29%
12/08/2021;1,785.50;1,785.10;1,794.30;1,780.10;109.69K;0.04%
12/09/2021;1,776.70;1,784.30;1,788.40;1,773.30;123.97K;-0.49%
12/10/2021;1,784.80;1,776.30;1,791.00;1,770.40;142.00K;0.46%
12/13/2021;1,788.30;1,784.20;1,792.80;1,782.20;106.06K;0.20%
12/14/2021;1,772.30;1,787.60;1,789.80;1,766.10;153.25K;-0.89%
12/15/2021;1,764.50;1,771.90;1,781.30;1,753.00;161.10K;-0.44%
12/16/2021;1,798.20;1,777.90;1,800.70;1,775.70;167.78K;1.91%
12/17/2021;1,804.90;1,801.50;1,815.70;1,796.50;156.61K;0.37%
12/20/2021;1,794.60;1,800.20;1,804.60;1,789.00;105.39K;-0.57%
12/21/2021;1,788.70;1,791.40;1,801.70;1,785.00;134.15K;-0.33%
12/22/2021;1,802.20;1,789.40;1,806.30;1,785.80;110.41K;0.75%
12/23/2021;1,811.70;1,805.60;1,812.00;1,799.00;104.84K;0.53%
12/27/2021;1,808.80;1,810.20;1,814.60;1,803.60;84.23K;-0.16%
12/28/2021;1,810.90;1,812.10;1,821.60;1,805.50;100.54K;0.12%
12/29/2021;1,805.80;1,806.60;1,808.00;1,789.10;138.69K;-0.28%
12/30/2021;1,814.10;1,805.60;1,818.10;1,796.20;113.43K;0.46%
12/31/2021;1,828.60;1,817.00;1,831.40;1,815.40;106.60K;0.80%
01/03/2022;1,800.10;1,830.10;1,833.00;1,798.20;168.31K;-1.56%
01/04/2022;1,814.60;1,801.10;1,817.20;1,798.10;167.71K;0.81%
01/05/2022;1,825.10;1,815.20;1,830.70;1,808.20;173.34K;0.58%
01/06/2022;1,789.20;1,810.60;1,811.60;1,785.40;238.64K;-1.97%
01/07/2022;1,797.40;1,791.00;1,798.40;1,781.30;238.93K;0.46%
01/10/2022;1,798.80;1,796.40;1,802.00;1,789.30;173.04K;0.08%
01/11/2022;1,818.50;1,801.30;1,823.10;1,799.70;184.15K;1.10%
01/12/2022;1,827.30;1,821.30;1,828.20;1,814.40;192.98K;0.48%
01/13/2022;1,821.40;1,825.70;1,828.30;1,811.80;215.52K;-0.32%
01/14/2022;1,816.50;1,822.10;1,829.30;1,814.20;174.94K;-0.27%
01/17/2022;1,812.40;1,818.70;1,822.90;1,804.70;362.94K;-0.23%
01/18/2022;1,812.40;1,818.70;1,822.90;1,804.70;362.94K;0.00%
01/19/2022;1,843.20;1,812.90;1,843.90;1,809.00;318.49K;1.70%
01/20/2022;1,842.60;1,840.10;1,848.50;1,836.20;233.86K;-0.03%
01/21/2022;1,831.80;1,840.60;1,843.70;1,828.40;225.25K;-0.59%
01/24/2022;1,841.70;1,835.20;1,844.90;1,829.30;244.33K;0.54%
01/25/2022;1,852.50;1,843.60;1,854.20;1,834.40;197.80K;0.59%
01/26/2022;1,829.70;1,848.00;1,850.20;1,814.10;270.03K;-1.23%
01/27/2022;1,795.00;1,819.00;1,821.40;1,790.60;206.38K;-1.90%
01/28/2022;1,786.60;1,799.60;1,800.30;1,780.60;217.15K;-0.47%
01/31/2022;1,796.40;1,792.80;1,800.90;1,785.80;139.42K;0.55%
02/01/2022;1,801.50;1,798.90;1,809.70;1,796.20;128.88K;0.28%
02/02/2022;1,810.30;1,800.80;1,812.00;1,794.60;123.02K;0.49%
02/03/2022;1,804.10;1,807.40;1,809.50;1,788.50;173.72K;-0.34%
02/04/2022;1,807.80;1,805.40;1,815.80;1,792.10;177.71K;0.21%
02/07/2022;1,821.80;1,808.00;1,824.60;1,807.50;139.81K;0.77%
02/08/2022;1,827.90;1,821.50;1,829.90;1,816.00;142.41K;0.33%
02/09/2022;1,836.60;1,827.00;1,837.10;1,825.50;136.72K;0.48%
02/10/2022;1,837.40;1,834.00;1,843.30;1,821.80;227.46K;0.04%
02/11/2022;1,842.10;1,827.00;1,867.40;1,821.10;239.09K;0.26%
02/14/2022;1,869.40;1,862.20;1,876.50;1,851.90;231.02K;1.48%
02/15/2022;1,856.20;1,873.80;1,881.60;1,845.40;214.88K;-0.71%
02/16/2022;1,871.50;1,855.50;1,874.60;1,851.80;141.49K;0.82%
02/17/2022;1,902.00;1,872.00;1,904.00;1,869.70;268.55K;1.63%
02/18/2022;1,899.80;1,901.40;1,905.00;1,888.00;161.75K;-0.12%
02/21/2022;1,907.40;1,903.50;1,918.30;1,889.70;334.59K;0.40%
02/22/2022;1,907.40;1,903.50;1,918.30;1,889.70;334.59K;0.00%
02/23/2022;1,910.40;1,901.20;1,912.90;1,891.10;154.84K;0.16%
02/24/2022;1,926.30;1,911.90;1,976.50;1,878.60;423.05K;0.83%
02/25/2022;1,887.60;1,906.50;1,925.00;1,884.40;229.78K;-2.01%
02/28/2022;1,900.70;1,921.00;1,935.20;1,892.20;249.27K;0.69%
03/01/2022;1,943.80;1,908.40;1,952.60;1,903.00;224.00K;2.27%
03/02/2022;1,922.30;1,945.30;1,951.40;1,916.00;227.98K;-1.11%
03/03/2022;1,935.90;1,931.70;1,944.60;1,923.10;180.21K;0.71%
03/04/2022;1,966.60;1,938.50;1,974.90;1,931.50;241.53K;1.59%
03/07/2022;1,995.90;1,978.50;2,007.50;1,964.20;372.19K;1.49%
03/08/2022;2,043.30;2,001.00;2,078.80;1,985.80;447.65K;2.37%
03/09/2022;1,988.20;2,060.20;2,068.50;1,981.00;360.35K;-2.70%
03/10/2022;2,000.40;1,992.80;2,015.10;1,975.00;303.27K;0.61%
03/11/2022;1,985.00;2,000.30;2,004.00;1,960.60;262.09K;-0.77%
03/14/2022;1,960.80;1,988.70;1,994.80;1,952.00;162.20K;-1.22%
03/15/2022;1,929.70;1,953.70;1,956.90;1,908.10;220.37K;-1.59%
03/16/2022;1,909.20;1,920.10;1,930.10;1,895.20;195.46K;-1.06%
03/17/2022;1,943.20;1,928.40;1,951.00;1,924.00;149.83K;1.78%
03/18/2022;1,929.30;1,943.90;1,946.20;1,918.00;150.88K;-0.72%
03/21/2022;1,929.50;1,922.40;1,941.80;1,917.20;146.41K;0.01%
03/22/2022;1,921.50;1,936.10;1,939.50;1,909.80;153.28K;-0.41%
03/23/2022;1,937.30;1,920.90;1,948.80;1,915.60;153.31K;0.82%
03/24/2022;1,962.20;1,944.10;1,967.20;1,937.40;181.20K;1.29%
03/25/2022;1,954.20;1,957.80;1,965.10;1,942.60;147.90K;-0.41%
03/28/2022;1,939.80;1,958.70;1,959.80;1,915.70;181.37K;-0.74%
03/29/2022;1,918.00;1,922.40;1,929.40;1,888.30;214.61K;-1.12%
03/30/2022;1,939.00;1,924.00;1,943.40;1,920.10;136.04K;1.09%
03/31/2022;1,954.00;1,937.30;1,955.00;1,923.00;155.30K;0.77%
04/04/2022;1,930.60;1,924.50;1,938.00;1,917.80;147.26K;-1.20%
04/05/2022;1,924.10;1,934.40;1,945.00;1,918.10;153.97K;-0.34%
04/06/2022;1,919.70;1,924.80;1,932.00;1,914.00;122.81K;-0.23%
04/07/2022;1,934.70;1,923.80;1,937.10;1,920.40;142.50K;0.78%
04/11/2022;1,945.10;1,949.50;1,970.80;1,940.80;172.39K;0.54%
04/12/2022;1,973.20;1,953.50;1,979.20;1,951.00;132.03K;1.44%
04/13/2022;1,981.90;1,968.60;1,982.40;1,963.70;139.42K;0.44%
04/18/2022;1,983.60;1,974.80;2,000.00;1,972.50;181.44K;0.09%
04/19/2022;1,956.30;1,978.60;1,981.00;1,943.50;139.51K;-1.38%
04/20/2022;1,952.90;1,949.90;1,957.80;1,938.70;154.92K;-0.17%
04/21/2022;1,945.40;1,955.00;1,955.20;1,935.80;176.68K;-0.38%
04/25/2022;1,893.30;1,932.30;1,932.30;1,890.00;166.20K;-2.68%
04/26/2022;1,901.50;1,898.50;1,908.50;1,894.00;178.20K;0.43%
04/27/2022;1,885.80;1,903.10;1,903.10;1,879.20;170.91K;-0.83%
04/28/2022;1,891.30;1,886.80;1,897.80;1,870.90;177.14K;0.29%
05/02/2022;1,863.60;1,896.20;1,900.40;1,853.40;167.43K;-1.46%
05/03/2022;1,870.60;1,863.60;1,878.40;1,849.70;161.48K;0.38%
05/04/2022;1,868.80;1,868.30;1,892.00;1,861.10;218.39K;-0.10%
05/05/2022;1,875.70;1,884.10;1,910.70;1,872.30;194.28K;0.37%
05/09/2022;1,858.60;1,883.70;1,885.60;1,851.00;260.81K;-0.91%
05/10/2022;1,841.00;1,853.90;1,864.70;1,834.50;243.56K;-0.95%
05/11/2022;1,853.70;1,836.60;1,857.80;1,830.60;255.61K;0.69%
05/12/2022;1,824.60;1,852.30;1,858.80;1,820.10;179.48K;-1.57%
05/16/2022;1,814.00;1,809.40;1,826.00;1,785.00;137.29K;-0.58%
05/17/2022;1,818.90;1,823.90;1,834.80;1,811.00;150.35K;0.27%
05/18/2022;1,815.90;1,813.20;1,822.90;1,805.00;175.24K;-0.16%
05/19/2022;1,841.20;1,815.10;1,848.20;1,808.40;143.05K;1.39%
05/23/2022;1,847.80;1,844.40;1,864.30;1,843.30;174.76K;0.36%
05/24/2022;1,865.40;1,852.30;1,869.10;1,847.60;182.82K;0.95%
05/25/2022;1,846.30;1,865.40;1,866.70;1,838.70;123.36K;-1.02%
05/26/2022;1,847.60;1,851.80;1,852.80;1,836.30;123.76K;0.07%
05/31/2022;1,845.20;1,852.60;1,863.70;1,834.70;158.04K;-0.13%
06/01/2022;1,845.80;1,837.10;1,850.00;1,827.90;127.47K;0.03%
06/02/2022;1,868.40;1,846.80;1,870.70;1,844.00;115.34K;1.22%
06/06/2022;1,840.80;1,849.90;1,857.50;1,840.30;119.21K;-1.48%
06/07/2022;1,849.20;1,841.10;1,855.00;1,836.00;114.14K;0.46%
06/08/2022;1,853.60;1,852.00;1,859.10;1,844.40;131.29K;0.24%
06/09/2022;1,850.10;1,853.20;1,853.80;1,839.00;267.20K;-0.19%
06/13/2022;1,829.20;1,876.40;1,879.50;1,818.60;165.15K;-1.13%
06/14/2022;1,810.50;1,810.70;1,830.00;1,803.00;203.42K;-1.02%
06/15/2022;1,816.30;1,806.60;1,840.00;1,805.60;180.89K;0.32%
06/16/2022;1,846.60;1,831.90;1,855.80;1,815.80;141.72K;1.67%
06/21/2022;1,835.40;1,834.70;1,842.40;1,831.00;149.55K;-0.61%
06/22/2022;1,835.20;1,829.30;1,845.10;1,822.30;167.07K;-0.01%
06/23/2022;1,826.30;1,835.00;1,842.90;1,822.40;139.72K;-0.48%
06/27/2022;1,821.00;1,833.40;1,837.30;1,818.00;111.40K;-0.29%
06/28/2022;1,817.50;1,820.10;1,825.30;1,816.40;155.54K;-0.19%
06/29/2022;1,817.50;1,821.40;1,834.90;1,810.70;208.90K;0.00%
06/30/2022;1,807.30;1,819.20;1,826.80;1,802.50;249.49K;-0.56%
07/05/2022;1,763.90;1,814.40;1,815.20;1,763.00;258.82K;-2.40%
07/06/2022;1,736.50;1,764.20;1,771.50;1,730.70;151.26K;-1.55%
07/07/2022;1,739.70;1,737.20;1,748.20;1,734.70;189.18K;0.18%
07/11/2022;1,731.70;1,741.50;1,743.00;1,729.00;255.17K;-0.46%
07/12/2022;1,724.80;1,731.30;1,742.20;1,721.60;300.55K;-0.40%
07/13/2022;1,735.50;1,723.60;1,744.30;1,704.50;266.35K;0.62%
07/14/2022;1,705.80;1,733.60;1,734.80;1,695.00;176.80K;-1.71%
07/18/2022;1,710.20;1,706.40;1,722.00;1,704.40;131.77K;0.26%
07/19/2022;1,710.70;1,707.20;1,716.50;1,702.60;174.47K;0.03%
07/20/2022;1,700.20;1,709.50;1,712.70;1,690.10;248.88K;-0.61%
07/21/2022;1,713.40;1,693.70;1,719.50;1,678.40;200.62K;0.78%
07/25/2022;1,719.10;1,726.30;1,734.60;1,712.90;147.37K;0.33%
07/26/2022;1,717.70;1,717.90;1,726.40;1,711.50;144.87K;-0.08%
07/27/2022;1,719.10;1,715.20;1,739.60;1,709.10;192.86K;0.08%
07/28/2022;1,754.40;1,737.00;1,759.00;1,736.50;140.67K;2.05%
08/01/2022;1,772.70;1,767.70;1,777.00;1,759.80;174.17K;1.04%
08/02/2022;1,774.80;1,773.90;1,790.50;1,762.00;151.73K;0.12%
08/03/2022;1,760.90;1,763.00;1,774.00;1,754.80;153.29K;-0.78%
08/04/2022;1,791.20;1,765.80;1,795.50;1,764.10;168.90K;1.72%
08/08/2022;1,789.60;1,776.30;1,790.30;1,771.50;120.51K;-0.09%
08/09/2022;1,796.80;1,789.50;1,801.00;1,784.00;154.59K;0.40%
08/10/2022;1,798.50;1,796.00;1,809.10;1,788.20;121.26K;0.09%
08/11/2022;1,792.10;1,792.30;1,799.00;1,784.00;118.65K;-0.36%
08/15/2022;1,783.30;1,803.70;1,803.70;1,772.80;94.40K;-0.49%
08/16/2022;1,774.90;1,780.10;1,783.00;1,770.50;137.83K;-0.47%
08/17/2022;1,761.90;1,775.50;1,781.70;1,759.00;124.32K;-0.73%
08/18/2022;1,756.50;1,763.00;1,771.00;1,754.60;138.70K;-0.31%
08/22/2022;1,734.40;1,747.00;1,747.00;1,726.00;145.26K;-1.26%
08/23/2022;1,747.30;1,734.60;1,753.00;1,730.00;112.65K;0.74%
08/24/2022;1,747.80;1,746.00;1,755.20;1,742.00;117.57K;0.03%
08/25/2022;1,757.80;1,751.10;1,765.10;1,750.00;176.90K;0.57%
08/29/2022;1,736.70;1,736.00;1,741.00;1,718.20;130.66K;-1.20%
08/30/2022;1,726.90;1,740.50;1,743.10;1,723.70;176.73K;-0.56%
08/31/2022;1,716.90;1,725.80;1,728.70;1,711.70;198.62K;-0.58%
09/01/2022;1,699.60;1,713.10;1,713.10;1,689.80;174.68K;-1.01%
09/06/2022;1,703.40;1,715.00;1,727.00;1,701.00;173.62K;0.22%
09/07/2022;1,718.20;1,703.20;1,721.40;1,692.50;184.18K;0.87%
09/08/2022;1,710.60;1,720.30;1,729.30;1,704.40;154.71K;-0.44%
09/12/2022;1,730.80;1,719.20;1,736.40;1,712.70;232.70K;1.18%
09/13/2022;1,707.10;1,725.80;1,732.80;1,696.90;163.29K;-1.37%
09/14/2022;1,698.20;1,702.50;1,706.80;1,692.80;268.09K;-0.52%
09/15/2022;1,666.80;1,696.80;1,696.80;1,658.70;217.23K;-1.85%
09/19/2022;1,667.60;1,673.00;1,678.00;1,657.10;143.93K;0.05%
09/20/2022;1,661.00;1,674.60;1,678.00;1,657.80;227.94K;-0.40%
09/21/2022;1,665.80;1,664.60;1,687.00;1,651.50;241.28K;0.29%
09/22/2022;1,671.40;1,670.40;1,683.60;1,653.70;243.05K;0.34%
09/26/2022;1,623.60;1,642.80;1,646.40;1,618.40;197.06K;-2.86%
09/27/2022;1,626.50;1,621.50;1,640.20;1,620.90;279.82K;0.18%
09/28/2022;1,660.30;1,627.00;1,661.50;1,613.00;201.96K;2.08%
09/29/2022;1,663.60;1,662.20;1,667.50;1,644.50;179.99K;0.20%
10/03/2022;1,697.20;1,667.90;1,704.00;1,664.40;205.08K;2.02%
10/04/2022;1,725.50;1,703.40;1,731.50;1,699.90;173.22K;1.67%
10/05/2022;1,715.60;1,729.20;1,729.70;1,703.90;139.44K;-0.57%
10/06/2022;1,715.50;1,719.40;1,728.70;1,710.20;157.45K;-0.01%
10/10/2022;1,670.10;1,698.70;1,700.90;1,667.50;171.81K;-2.65%
10/11/2022;1,680.90;1,670.20;1,686.00;1,665.00;131.77K;0.65%
10/12/2022;1,672.30;1,668.30;1,679.60;1,663.00;237.01K;-0.51%
10/13/2022;1,671.80;1,675.30;1,680.00;1,644.50;183.17K;-0.03%
10/17/2022;1,658.90;1,646.30;1,667.60;1,645.20;163.17K;-0.77%
10/18/2022;1,650.70;1,651.00;1,660.40;1,647.00;179.25K;-0.49%
10/19/2022;1,629.00;1,652.40;1,654.00;1,628.00;163.73K;-1.31%
10/20/2022;1,631.80;1,628.90;1,644.30;1,621.20;271.10K;0.17%
10/24/2022;1,649.20;1,662.00;1,666.30;1,643.60;182.80K;1.07%
10/25/2022;1,653.30;1,649.60;1,660.50;1,637.00;186.93K;0.25%
10/26/2022;1,664.40;1,652.30;1,674.00;1,652.30;189.29K;0.67%
10/27/2022;1,660.30;1,664.10;1,669.20;1,654.40;196.36K;-0.25%
10/31/2022;1,640.70;1,647.20;1,648.50;1,634.50;197.98K;-1.18%
11/01/2022;1,649.70;1,636.10;1,660.30;1,633.60;220.93K;0.55%
11/02/2022;1,650.00;1,651.40;1,673.10;1,637.40;254.70K;0.02%
11/03/2022;1,630.90;1,639.10;1,643.20;1,618.30;293.52K;-1.16%
11/07/2022;1,680.50;1,678.60;1,685.60;1,670.00;297.62K;3.04%
11/08/2022;1,716.00;1,678.00;1,720.40;1,667.10;239.65K;2.11%
11/09/2022;1,713.70;1,715.20;1,725.80;1,705.10;305.72K;-0.13%
11/10/2022;1,753.70;1,709.70;1,760.60;1,705.50;227.04K;2.33%
11/14/2022;1,776.90;1,769.40;1,778.40;1,755.80;283.02K;1.32%
11/15/2022;1,776.80;1,774.00;1,791.80;1,770.20;200.76K;-0.01%
11/16/2022;1,775.80;1,782.00;1,788.20;1,773.40;169.10K;-0.06%
11/17/2022;1,763.00;1,777.00;1,777.60;1,756.60;137.33K;-0.72%
11/21/2022;1,739.60;1,752.00;1,755.00;1,733.90;153.09K;-1.33%
11/22/2022;1,739.90;1,739.70;1,751.00;1,737.60;167.77K;0.02%
11/23/2022;1,745.60;1,740.80;1,754.90;1,719.00;134.30K;0.33%
11/28/2022;1,740.30;1,755.00;1,763.50;1,738.20;127.32K;-0.30%
11/29/2022;1,756.30;1,747.60;1,765.00;1,746.00;192.24K;0.92%
11/30/2022;1,753.20;1,755.50;1,776.70;1,751.80;226.15K;-0.18%
12/01/2022;1,808.20;1,778.40;1,810.90;1,777.70;183.72K;3.14%
12/05/2022;1,774.30;1,803.70;1,815.00;1,771.60;127.86K;-1.87%
12/06/2022;1,775.50;1,775.30;1,786.00;1,772.50;155.57K;0.07%
12/07/2022;1,791.00;1,774.70;1,795.90;1,774.30;116.27K;0.87%
12/08/2022;1,794.20;1,792.50;1,799.00;1,786.70;150.94K;0.18%
12/12/2022;1,785.00;1,801.60;1,801.60;1,782.00;230.91K;-0.51%
12/13/2022;1,818.30;1,785.80;1,829.00;1,785.00;143.80K;1.87%
12/14/2022;1,811.50;1,815.10;1,817.10;1,800.00;185.32K;-0.37%
12/15/2022;1,780.60;1,811.80;1,812.10;1,775.00;128.75K;-1.71%
12/19/2022;1,791.00;1,795.20;1,801.40;1,788.60;197.50K;0.58%
12/20/2022;1,818.60;1,796.40;1,824.30;1,789.60;110.18K;1.54%
12/21/2022;1,818.50;1,821.60;1,825.40;1,815.90;175.77K;-0.01%
12/22/2022;1,788.50;1,818.00;1,822.00;1,787.10;105.46K;-1.65%
12/27/2022;1,816.30;1,799.70;1,834.10;1,799.70;118.08K;1.55%
12/28/2022;1,808.80;1,812.40;1,812.40;1,801.30;105.99K;-0.41%
12/29/2022;1,826.00;1,812.30;1,827.30;1,811.20;107.50K;0.95%
01/03/2023;1,846.10;1,831.80;1,856.60;1,831.30;198.35K;1.10%
01/04/2023;1,859.00;1,845.20;1,871.30;1,842.00;188.60K;0.70%
01/05/2023;1,840.60;1,861.20;1,864.30;1,829.90;215.37K;-0.99%
01/09/2023;1,877.80;1,872.80;1,886.40;1,869.30;170.51K;2.02%
01/10/2023;1,876.50;1,875.70;1,885.20;1,872.00;222.25K;-0.07%
01/11/2023;1,878.90;1,881.30;1,890.90;1,870.90;265.17K;0.13%
01/12/2023;1,898.80;1,879.70;1,906.50;1,872.40;247.88K;1.06%
01/17/2023;1,909.90;1,923.80;1,931.80;1,906.20;218.97K;0.58%
01/18/2023;1,907.00;1,911.10;1,929.80;1,898.60;214.25K;-0.15%
01/19/2023;1,923.90;1,907.00;1,936.90;1,902.00;165.27K;0.89%
01/23/2023;1,928.60;1,928.40;1,936.70;1,912.50;201.71K;0.24%
01/24/2023;1,935.40;1,932.00;1,943.80;1,918.20;190.30K;0.35%
01/25/2023;1,942.60;1,938.70;1,949.50;1,920.60;223.26K;0.37%
01/26/2023;1,930.00;1,948.00;1,949.80;1,918.40;150.90K;-0.65%
01/30/2023;1,930.20;1,936.20;1,940.80;1,927.30;194.08K;0.01%
01/31/2023;1,936.60;1,929.50;1,938.00;1,907.40;210.61K;0.33%
02/01/2023;1,934.30;1,935.10;1,961.70;1,928.00;259.84K;-0.12%
02/02/2023;1,922.20;1,959.30;1,966.30;1,917.10;310.61K;-0.63%
02/06/2023;1,871.20;1,866.70;1,885.40;1,865.90;179.67K;-2.65%
02/07/2023;1,876.50;1,871.90;1,888.50;1,869.40;131.90K;0.28%
02/08/2023;1,882.20;1,877.40;1,890.00;1,874.00;183.55K;0.30%
02/09/2023;1,870.00;1,879.00;1,893.70;1,862.00;155.27K;-0.65%
02/13/2023;1,855.10;1,866.70;1,868.50;1,852.70;217.01K;-0.80%
02/14/2023;1,857.00;1,856.00;1,871.00;1,845.00;169.53K;0.10%
02/15/2023;1,837.00;1,856.30;1,861.70;1,831.80;168.51K;-1.08%
02/16/2023;1,843.40;1,838.90;1,846.00;1,828.30;165.08K;0.35%
02/21/2023;1,834.20;1,842.00;1,848.00;1,831.10;141.50K;-0.50%
02/22/2023;1,833.30;1,837.00;1,846.40;1,825.10;179.97K;-0.05%
02/23/2023;1,818.80;1,823.60;1,832.70;1,818.30;169.47K;-0.79%
02/27/2023;1,824.90;1,818.00;1,827.30;1,812.00;184.51K;0.34%
02/28/2023;1,836.70;1,823.90;1,838.60;1,810.80;182.58K;0.65%
03/01/2023;1,845.40;1,834.00;1,852.50;1,829.60;139.76K;0.47%
03/02/2023;1,840.50;1,843.80;1,845.30;1,835.90;158.96K;-0.27%
03/06/2023;1,854.60;1,861.00;1,864.30;1,850.60;248.23K;0.77%
03/07/2023;1,820.00;1,852.60;1,856.90;1,817.10;208.29K;-1.87%
03/08/2023;1,818.60;1,818.00;1,828.70;1,813.40;228.47K;-0.08%
03/09/2023;1,834.60;1,818.00;1,839.40;1,815.40;345.81K;0.88%
03/13/2023;1,916.50;1,877.10;1,919.50;1,875.70;261.28K;4.46%
03/14/2023;1,910.90;1,919.40;1,919.40;1,899.80;385.45K;-0.29%
03/15/2023;1,931.30;1,908.20;1,942.50;1,889.50;248.08K;1.07%
03/16/2023;1,923.00;1,922.80;1,938.00;1,911.50;351.09K;-0.43%
03/20/2023;1,982.80;1,989.70;2,014.90;1,970.00;248.93K;3.11%
03/21/2023;1,941.10;1,983.10;1,988.70;1,938.60;245.03K;-2.10%
03/22/2023;1,949.60;1,943.50;1,982.30;1,936.50;262.25K;0.44%
03/23/2023;1,995.90;1,974.00;2,006.10;1,967.30;285.44K;2.37%
03/27/2023;1,953.80;1,982.60;1,984.00;1,945.00;183.58K;-2.11%
03/28/2023;1,973.50;1,957.80;1,977.10;1,949.90;88.56K;1.01%
03/29/2023;1,966.90;1,975.40;1,976.00;1,959.50;171.70K;-0.33%
03/30/2023;1,988.50;1,973.00;1,993.30;1,962.70;162.21K;1.10%
04/03/2023;1,991.30;1,982.60;1,998.50;1,956.90;233.30K;0.14%
04/04/2023;2,029.40;1,993.20;2,034.20;1,985.90;197.37K;1.91%
04/05/2023;2,026.80;2,030.00;2,040.10;2,018.70;149.13K;-0.13%
04/10/2023;1,994.80;2,003.60;2,011.20;1,988.00;126.38K;-1.58%
04/11/2023;2,010.00;1,996.70;2,013.40;1,996.20;228.49K;0.76%
04/12/2023;2,015.70;2,010.00;2,034.10;2,007.00;198.46K;0.28%
04/13/2023;2,045.80;2,019.50;2,053.00;2,019.50;262.83K;1.49%
04/17/2023;1,997.60;2,004.80;2,018.20;1,984.60;164.98K;-2.36%
04/18/2023;2,010.30;1,997.10;2,013.40;1,994.50;218.81K;0.64%
04/19/2023;1,998.00;2,008.50;2,009.70;1,971.90;162.84K;-0.61%
04/20/2023;2,009.80;1,996.50;2,014.50;1,994.20;210.50K;0.59%
04/24/2023;1,990.60;1,983.20;1,991.00;1,975.30;222.55K;-0.96%
04/25/2023;1,995.10;1,995.40;2,005.00;1,979.30;241.40K;0.23%
04/26/2023;1,986.90;2,000.00;2,009.80;1,986.60;203.90K;-0.41%
04/27/2023;1,999.00;1,999.80;2,013.30;1,982.00;172.45K;0.61%
05/01/2023;1,992.20;2,000.20;2,015.40;1,985.70;245.64K;-0.34%
05/02/2023;2,023.30;1,990.50;2,028.80;1,986.90;229.67K;1.56%
05/03/2023;2,037.00;2,026.40;2,050.00;2,016.00;311.00K;0.68%
05/04/2023;2,055.70;2,054.70;2,085.40;2,038.50;283.30K;0.92%
05/08/2023;2,033.20;2,024.60;2,037.10;2,022.00;199.70K;-1.09%
05/09/2023;2,042.90;2,028.40;2,045.10;2,026.40;260.81K;0.48%
05/10/2023;2,037.10;2,041.60;2,056.00;2,028.30;296.98K;-0.28%
05/11/2023;2,020.50;2,036.80;2,047.60;2,016.70;220.50K;-0.81%
05/15/2023;2,022.70;2,013.40;2,027.50;2,011.20;229.94K;0.11%
05/16/2023;1,993.00;2,021.30;2,022.70;1,989.10;206.55K;-1.47%
05/17/2023;1,984.90;1,993.00;1,997.00;1,978.10;227.73K;-0.41%
05/18/2023;1,959.80;1,985.60;1,988.80;1,954.40;234.60K;-1.26%
05/22/2023;1,977.20;1,979.40;1,984.80;1,970.70;214.36K;0.89%
05/23/2023;1,974.50;1,973.90;1,980.00;1,955.80;229.89K;-0.14%
05/24/2023;1,964.60;1,977.30;1,987.90;1,958.40;253.88K;-0.50%
05/25/2023;1,943.70;1,959.50;1,965.40;1,939.00;166.04K;-1.06%
05/30/2023;1,968.10;1,951.60;1,972.40;1,941.20;207.75K;1.26%
05/31/2023;1,973.10;1,968.40;1,984.00;1,963.20;176.91K;0.25%
06/01/2023;1,986.50;1,972.30;1,991.40;1,961.30;209.69K;0.68%
06/05/2023;1,965.70;1,954.40;1,970.80;1,945.00;136.00K;-1.05%
06/06/2023;1,972.90;1,968.90;1,973.60;1,962.00;189.53K;0.37%
06/07/2023;1,949.90;1,971.20;1,977.50;1,947.10;191.84K;-1.17%
06/08/2023;1,969.90;1,948.60;1,976.00;1,948.10;130.41K;1.03%
06/12/2023;1,960.90;1,966.10;1,971.50;1,954.80;198.40K;-0.46%
06/13/2023;1,949.90;1,962.90;1,976.00;1,944.50;199.71K;-0.56%
06/14/2023;1,960.10;1,948.60;1,964.90;1,944.30;266.35K;0.52%
06/15/2023;1,961.80;1,948.80;1,963.70;1,929.60;160.51K;0.09%
06/20/2023;1,938.90;1,961.70;1,961.70;1,932.40;182.02K;-1.17%
06/21/2023;1,936.10;1,939.50;1,940.70;1,922.20;171.78K;-0.14%
06/22/2023;1,915.00;1,935.90;1,935.90;1,914.00;186.86K;-1.09%
06/26/2023;1,925.10;1,926.40;1,934.50;1,923.00;180.44K;0.53%
06/27/2023;1,915.10;1,927.40;1,930.20;1,912.30;162.49K;-0.52%
06/28/2023;1,913.40;1,915.20;1,916.70;1,903.60;205.25K;-0.09%
06/29/2023;1,917.90;1,916.50;1,921.30;1,900.60;180.69K;0.24%
07/03/2023;1,929.50;1,927.80;1,939.90;1,917.70;245.93K;0.60%
07/05/2023;1,927.10;1,929.10;1,942.90;1,922.10;231.51K;-0.12%
07/06/2023;1,915.40;1,922.40;1,934.00;1,908.50;214.27K;-0.61%
07/10/2023;1,931.00;1,930.70;1,933.70;1,918.00;189.37K;0.81%
07/11/2023;1,937.10;1,930.80;1,944.50;1,929.80;270.87K;0.32%
07/12/2023;1,961.70;1,938.00;1,965.10;1,937.50;241.22K;1.27%
07/13/2023;1,963.80;1,962.70;1,968.50;1,956.60;209.31K;0.11%
07/17/2023;1,956.40;1,958.60;1,963.60;1,949.00;264.09K;-0.38%
07/18/2023;1,980.80;1,958.30;1,988.30;1,958.10;159.41K;1.25%
07/19/2023;1,980.80;1,982.50;1,984.60;1,973.30;189.93K;0.00%
07/20/2023;1,970.90;1,980.00;1,989.80;1,967.70;156.54K;-0.50%
07/24/2023;1,962.20;1,963.60;1,969.80;1,955.30;188.85K;-0.44%
07/25/2023;1,963.70;1,957.00;1,967.10;1,951.60;208.11K;0.08%
07/26/2023;1,970.10;1,966.30;1,979.90;1,963.20;194.25K;0.33%
07/27/2023;1,945.70;1,973.30;1,982.60;1,941.70;159.60K;-1.24%
07/31/2023;1,979.60;1,967.90;1,981.10;1,958.00;167.76K;1.74%
08/01/2023;1,949.70;1,974.30;1,974.40;1,949.60;169.66K;-1.51%
08/02/2023;1,946.00;1,957.10;1,962.90;1,940.50;141.35K;-0.19%
08/03/2023;1,939.90;1,943.20;1,945.50;1,936.60;156.42K;-0.31%
08/07/2023;1,940.70;1,948.50;1,952.00;1,937.00;142.34K;0.04%
08/08/2023;1,930.80;1,941.80;1,943.40;1,928.20;139.26K;-0.51%
08/09/2023;1,921.90;1,930.20;1,936.30;1,919.80;168.26K;-0.46%
08/10/2023;1,920.10;1,920.60;1,934.40;1,915.90;122.32K;-0.09%
08/14/2023;1,915.60;1,914.90;1,918.60;1,906.00;167.15K;-0.23%
08/15/2023;1,906.90;1,911.00;1,915.00;1,899.70;128.61K;-0.45%
08/16/2023;1,900.20;1,905.10;1,909.60;1,894.10;152.33K;-0.35%
08/17/2023;1,887.20;1,894.60;1,904.60;1,886.60;114.74K;-0.68%
08/21/2023;1,895.70;1,890.60;1,899.90;1,886.30;131.09K;0.45%
08/22/2023;1,898.60;1,896.30;1,905.70;1,890.80;170.04K;0.15%
08/23/2023;1,920.50;1,899.20;1,921.70;1,899.20;137.39K;1.15%
08/24/2023;1,919.10;1,918.70;1,923.00;1,911.60;166.99K;-0.07%
08/28/2023;1,918.50;1,915.20;1,926.00;1,912.30;174.22K;-0.03%
08/29/2023;1,936.40;1,920.30;1,937.00;1,914.40;142.38K;0.93%
08/30/2023;1,954.00;1,947.80;1,958.00;1,943.80;133.71K;0.91%
08/31/2023;1,947.00;1,951.80;1,955.60;1,946.60;160.73K;-0.36%
09/05/2023;1,934.30;1,947.90;1,954.10;1,932.40;148.78K;-0.65%
09/06/2023;1,925.80;1,933.40;1,936.10;1,921.60;117.17K;-0.44%
09/07/2023;1,924.10;1,923.20;1,929.00;1,922.00;138.69K;-0.09%
09/11/2023;1,929.20;1,925.60;1,936.50;1,921.80;161.99K;0.27%
09/12/2023;1,917.20;1,927.40;1,929.30;1,912.00;161.00K;-0.62%
09/13/2023;1,914.40;1,917.80;1,920.10;1,909.60;201.74K;-0.15%
09/14/2023;1,914.40;1,912.70;1,916.00;1,903.80;199.77K;0.00%
09/18/2023;1,935.20;1,927.70;1,937.30;1,925.80;131.10K;1.09%
09/19/2023;1,935.30;1,936.70;1,940.30;1,932.50;220.98K;0.01%
09/20/2023;1,948.60;1,934.70;1,950.20;1,930.40;225.91K;0.69%
09/21/2023;1,921.20;1,932.80;1,933.60;1,915.00;139.93K;-1.41%
09/25/2023;1,918.20;1,926.40;1,927.90;1,915.50;212.26K;-0.16%
09/26/2023;1,901.60;1,916.70;1,917.10;1,899.00;238.53K;-0.87%
09/27/2023;1,872.30;1,900.30;1,902.90;1,872.10;231.42K;-1.54%
09/28/2023;1,869.50;1,885.40;1,886.70;1,865.50;245.13K;-0.15%
10/02/2023;1,838.20;1,853.90;1,855.10;1,833.80;216.78K;-1.67%
10/03/2023;1,832.60;1,835.70;1,839.90;1,822.80;195.05K;-0.30%
10/04/2023;1,826.10;1,829.10;1,836.00;1,823.00;172.46K;-0.35%
10/05/2023;1,823.20;1,828.00;1,834.10;1,817.80;231.02K;-0.16%
10/09/2023;1,855.70;1,850.70;1,867.80;1,849.10;157.34K;1.78%
10/10/2023;1,866.70;1,866.30;1,870.00;1,858.10;169.96K;0.59%
10/11/2023;1,878.40;1,864.60;1,881.50;1,864.30;163.48K;0.63%
10/12/2023;1,874.20;1,880.20;1,888.80;1,872.10;312.99K;-0.22%
10/16/2023;1,925.10;1,931.90;1,931.90;1,912.00;165.06K;2.72%
10/17/2023;1,926.40;1,923.20;1,934.10;1,918.00;270.05K;0.07%
10/18/2023;1,958.80;1,926.60;1,966.10;1,926.60;264.82K;1.68%
10/19/2023;1,971.20;1,950.30;1,980.70;1,948.40;289.11K;0.63%
10/23/2023;1,978.20;1,977.90;1,983.10;1,963.60;200.94K;0.36%
10/24/2023;1,976.80;1,975.10;1,980.30;1,958.30;240.66K;-0.07%
10/25/2023;1,985.50;1,972.00;1,988.80;1,971.00;214.05K;0.44%
10/26/2023;1,987.90;1,981.60;1,992.50;1,974.40;213.76K;0.12%
10/30/2023;2,005.60;2,013.50;2,016.80;1,999.70;214.78K;0.89%
10/31/2023;1,994.30;2,005.60;2,017.70;1,987.40;197.63K;-0.56%
11/01/2023;1,987.50;1,993.30;2,005.90;1,978.20;158.65K;-0.34%
11/02/2023;1,993.50;1,992.00;1,999.20;1,986.30;222.19K;0.30%
11/06/2023;1,988.60;1,999.40;2,000.10;1,984.20;218.95K;-0.25%
11/07/2023;1,973.50;1,984.80;1,985.20;1,962.80;189.36K;-0.76%
11/08/2023;1,957.80;1,975.30;1,977.50;1,953.20;214.08K;-0.80%
11/09/2023;1,969.80;1,955.50;1,971.50;1,948.30;229.64K;0.61%
11/13/2023;1,950.20;1,943.40;1,953.50;1,935.60;180.74K;-1.00%
11/14/2023;1,966.50;1,950.30;1,975.30;1,938.80;142.92K;0.84%
11/15/2023;1,964.30;1,966.90;1,979.20;1,958.80;186.81K;-0.11%
11/16/2023;1,987.30;1,963.00;1,991.10;1,959.00;133.12K;1.17%
11/20/2023;1,980.30;1,980.90;1,987.80;1,967.20;230.02K;-0.35%
11/21/2023;2,001.60;1,980.00;2,009.80;1,979.90;199.37K;1.08%
11/22/2023;1,992.80;2,000.30;2,008.30;1,988.60;214.88K;-0.44%
11/27/2023;2,012.40;2,002.50;2,018.90;2,001.40;174.67K;0.98%
11/28/2023;2,040.00;2,014.30;2,044.10;2,011.50;197.79K;1.37%
11/29/2023;2,057.50;2,053.20;2,062.30;2,047.50;151.92K;0.86%
11/30/2023;2,047.60;2,055.80;2,057.50;2,042.60;241.62K;-0.48%
12/04/2023;2,032.90;2,083.40;2,140.70;2,030.00;209.55K;-0.72%
12/05/2023;2,026.90;2,039.20;2,050.00;2,019.90;154.22K;-0.30%
12/06/2023;2,038.40;2,028.30;2,042.80;2,027.00;173.98K;0.57%
12/07/2023;2,036.90;2,034.70;2,047.30;2,027.40;237.29K;-0.07%
12/11/2023;1,984.30;2,010.60;2,013.20;1,982.10;148.53K;-2.58%
12/12/2023;1,983.90;1,989.00;2,002.70;1,983.50;192.68K;-0.02%
12/13/2023;1,988.10;1,985.50;2,033.30;1,979.00;231.10K;0.21%
12/14/2023;2,035.20;2,031.60;2,053.00;2,030.60;172.15K;2.37%
12/18/2023;2,030.90;2,023.70;2,036.30;2,020.80;134.78K;-0.21%
12/19/2023;2,042.60;2,031.00;2,050.00;2,025.40;122.57K;0.58%
12/20/2023;2,038.10;2,043.50;2,045.90;2,031.60;119.95K;-0.22%
12/21/2023;2,041.80;2,034.70;2,048.00;2,034.00;170.15K;0.18%
12/26/2023;2,060.40;2,056.30;2,069.60;2,056.30;128.18K;0.91%
12/27/2023;2,083.40;2,068.00;2,085.30;2,063.30;129.54K;1.12%
12/28/2023;2,083.50;2,089.50;2,098.20;2,074.60;105.72K;0.00%
01/02/2024;2,073.40;2,072.70;2,088.10;2,064.30;221.68K;-0.48%
01/03/2024;2,042.80;2,067.90;2,074.30;2,038.30;130.26K;-1.48%
01/04/2024;2,050.00;2,049.30;2,058.10;2,043.30;214.68K;0.35%
01/08/2024;2,033.50;2,052.60;2,053.30;2,022.70;218.75K;-0.80%
01/09/2024;2,033.00;2,034.50;2,048.60;2,031.90;205.01K;-0.02%
01/10/2024;2,027.80;2,036.00;2,046.20;2,025.90;301.34K;-0.26%
01/11/2024;2,019.20;2,029.40;2,056.10;2,017.30;272.35K;-0.42%
01/16/2024;2,030.20;2,053.40;2,062.80;2,027.60;254.29K;0.54%
01/17/2024;2,006.50;2,031.70;2,036.10;2,004.60;171.93K;-1.17%
01/18/2024;2,021.60;2,009.10;2,025.60;2,007.70;172.81K;0.75%
01/22/2024;2,022.20;2,031.80;2,034.10;2,017.40;156.70K;0.03%
01/23/2024;2,025.80;2,023.20;2,039.30;2,020.80;234.46K;0.18%
01/24/2024;2,016.00;2,030.70;2,037.90;2,011.70;196.67K;-0.48%
01/25/2024;2,017.80;2,014.80;2,025.60;2,004.00;119.59K;0.09%
01/29/2024;2,025.40;2,024.40;2,037.20;2,018.80;214.59K;0.38%
01/30/2024;2,041.10;2,041.70;2,057.30;2,037.60;238.37K;0.78%
01/31/2024;2,057.40;2,044.80;2,064.10;2,038.90;260.92K;0.80%
02/01/2024;2,061.20;2,047.70;2,072.90;2,036.90;219.80K;0.18%
02/05/2024;2,032.90;2,047.60;2,048.00;2,021.00;126.38K;-1.37%
02/06/2024;2,041.50;2,031.80;2,045.30;2,029.30;125.63K;0.42%
02/07/2024;2,041.80;2,042.20;2,051.00;2,037.00;137.08K;0.01%
02/08/2024;2,038.10;2,041.10;2,043.50;2,024.60;116.03K;-0.18%
02/12/2024;2,023.40;2,030.80;2,031.10;2,015.80;217.57K;-0.72%
02/13/2024;1,997.70;2,023.80;2,035.50;1,993.40;193.61K;-1.27%
02/14/2024;1,994.70;1,994.90;1,998.70;1,987.20;204.25K;-0.15%
02/15/2024;2,005.30;1,995.10;2,010.40;1,992.70;162.36K;0.53%
02/20/2024;2,030.00;2,017.70;2,032.10;2,015.50;120.60K;1.23%
02/21/2024;2,024.50;2,025.40;2,033.00;2,021.60;147.95K;-0.27%
02/22/2024;2,020.80;2,026.60;2,035.00;2,019.70;212.03K;-0.18%
02/26/2024;2,029.10;2,033.70;2,036.30;2,025.00;148.78K;0.41%
02/27/2024;2,034.40;2,031.00;2,038.00;2,028.70;137.08K;0.26%
02/28/2024;2,042.70;2,039.70;2,047.40;2,033.40;227.07K;0.41%
02/29/2024;2,054.70;2,043.80;2,059.40;2,036.00;330.59K;0.59%
03/04/2024;2,126.30;2,091.60;2,128.40;2,088.10;283.15K;3.48%
03/05/2024;2,141.90;2,123.30;2,150.50;2,118.50;319.76K;0.73%
03/06/2024;2,158.20;2,136.40;2,160.70;2,131.90;267.80K;0.76%
03/07/2024;2,165.20;2,156.70;2,172.20;2,151.70;389.68K;0.32%
03/11/2024;2,188.60;2,187.60;2,195.50;2,180.90;316.25K;1.08%
03/12/2024;2,166.10;2,189.10;2,190.80;2,156.20;232.27K;-1.03%
03/13/2024;2,180.80;2,163.60;2,185.60;2,161.30;207.23K;0.68%
03/14/2024;2,167.50;2,179.50;2,181.30;2,157.00;187.85K;-0.61%
03/18/2024;2,164.30;2,159.90;2,167.20;2,149.20;178.16K;-0.15%
03/19/2024;2,159.70;2,164.00;2,166.30;2,150.20;233.57K;-0.21%
03/20/2024;2,161.00;2,161.40;2,192.20;2,152.30;391.75K;0.06%
03/21/2024;2,184.70;2,190.20;2,225.30;2,168.20;205.81K;1.10%
03/25/2024;2,176.40;2,166.60;2,182.50;2,164.40;202.37K;-0.38%
03/26/2024;2,177.20;2,173.00;2,200.60;2,168.30;191.46K;0.04%
03/27/2024;2,201.40;2,188.90;2,206.50;2,182.80;250.25K;1.11%
04/01/2024;2,245.90;2,243.50;2,275.00;2,238.50;277.23K;2.02%
04/02/2024;2,270.30;2,260.20;2,290.10;2,256.10;254.57K;1.09%
04/03/2024;2,303.30;2,290.00;2,310.00;2,275.10;236.23K;1.45%
04/04/2024;2,296.90;2,308.90;2,312.00;2,288.40;293.21K;-0.28%
04/08/2024;2,339.00;2,332.20;2,357.00;2,310.50;279.61K;1.83%
04/09/2024;2,350.60;2,344.40;2,372.50;2,344.40;353.85K;0.50%
04/10/2024;2,336.60;2,358.90;2,365.80;2,325.70;260.42K;-0.60%
04/11/2024;2,360.80;2,340.50;2,382.90;2,331.60;479.89K;1.04%
04/15/2024;2,370.90;2,357.30;2,392.00;2,330.10;297.59K;0.43%
04/16/2024;2,395.50;2,387.00;2,402.20;2,367.40;284.35K;1.04%
04/17/2024;2,376.20;2,387.90;2,399.50;2,359.90;200.55K;-0.81%
04/18/2024;2,385.80;2,366.10;2,395.70;2,366.10;275.41K;0.40%
04/22/2024;2,334.60;2,391.50;2,391.50;2,327.30;270.23K;-2.15%
04/23/2024;2,329.90;2,332.20;2,336.00;2,293.60;187.70K;-0.20%
04/24/2024;2,326.00;2,324.00;2,338.00;2,313.60;224.47K;-0.17%
04/25/2024;2,330.30;2,317.80;2,344.80;2,306.40;171.01K;0.18%
04/29/2024;2,357.70;2,347.60;2,358.90;2,331.00;229.06K;1.18%
04/30/2024;2,302.90;2,347.00;2,347.60;2,296.20;227.38K;-2.32%
05/01/2024;2,311.00;2,298.20;2,339.50;2,291.70;193.66K;0.35%
05/02/2024;2,309.60;2,329.90;2,336.10;2,294.30;231.40K;-0.06%
05/06/2024;2,331.20;2,312.80;2,341.90;2,300.60;204.62K;0.94%
05/07/2024;2,324.20;2,334.80;2,338.70;2,318.20;214.69K;-0.30%
05/08/2024;2,322.30;2,322.00;2,329.60;2,311.40;249.09K;-0.08%
05/09/2024;2,340.30;2,316.50;2,354.20;2,312.90;275.24K;0.78%
05/13/2024;2,343.00;2,369.10;2,370.80;2,337.60;192.08K;0.12%
05/14/2024;2,359.90;2,342.30;2,365.20;2,340.50;249.84K;0.72%
05/15/2024;2,394.90;2,362.90;2,396.10;2,357.10;191.03K;1.48%
05/16/2024;2,385.50;2,391.50;2,402.70;2,375.20;218.55K;-0.39%
05/20/2024;2,438.50;2,422.20;2,454.20;2,411.10;229.42K;2.22%
05/21/2024;2,425.90;2,431.50;2,438.20;2,408.50;253.85K;-0.52%
05/22/2024;2,392.90;2,425.40;2,430.50;2,378.00;273.66K;-1.36%
05/23/2024;2,337.20;2,383.00;2,385.70;2,328.10;178.34K;-2.33%
05/28/2024;2,356.50;2,338.00;2,365.50;2,333.80;119.32K;0.83%
05/29/2024;2,341.20;2,362.50;2,363.70;2,334.20;188.89K;-0.65%
05/30/2024;2,354.70;2,357.90;2,360.70;2,332.10;183.41K;0.58%
06/03/2024;2,357.50;2,335.00;2,363.50;2,323.90;171.55K;0.12%
06/04/2024;2,335.70;2,360.20;2,361.00;2,324.50;171.86K;-0.92%
06/05/2024;2,363.60;2,335.50;2,365.20;2,335.10;172.20K;1.19%
06/06/2024;2,378.90;2,363.80;2,385.20;2,361.40;314.55K;0.65%
06/10/2024;2,315.10;2,299.50;2,319.30;2,292.90;145.50K;-2.68%
06/11/2024;2,314.60;2,315.70;2,325.20;2,303.30;241.67K;-0.02%
06/12/2024;2,342.70;2,321.70;2,345.10;2,315.70;182.66K;1.21%
06/13/2024;2,305.90;2,328.40;2,330.20;2,299.20;163.37K;-1.57%
06/17/2024;2,316.90;2,336.00;2,336.00;2,312.40;154.25K;0.48%
06/18/2024;2,334.80;2,323.30;2,334.50;2,309.10;252.69K;0.77%
06/20/2024;2,357.00;2,331.40;2,367.00;2,327.00;194.82K;0.95%
06/24/2024;2,332.40;2,322.10;2,334.70;2,318.00;144.27K;-1.04%
06/25/2024;2,318.40;2,334.40;2,336.20;2,314.80;191.63K;-0.60%
06/26/2024;2,301.00;2,318.80;2,320.50;2,292.90;140.23K;-0.75%
06/27/2024;2,336.60;2,309.40;2,342.00;2,306.80;135.38K;1.55%
07/01/2024;2,338.90;2,336.20;2,348.80;2,328.20;153.71K;0.10%
07/02/2024;2,333.40;2,341.60;2,346.10;2,327.40;193.64K;-0.24%
07/03/2024;2,369.40;2,338.60;2,374.50;2,335.70;293.25K;1.54%
07/08/2024;2,363.50;2,396.20;2,399.30;2,358.30;252.49K;-0.25%
07/09/2024;2,367.90;2,366.50;2,378.30;2,356.00;163.90K;0.19%
07/10/2024;2,379.70;2,371.00;2,393.40;2,369.70;303.52K;0.50%
07/11/2024;2,421.90;2,377.40;2,430.40;2,376.80;220.93K;1.77%
07/15/2024;2,428.90;2,419.30;2,445.00;2,406.10;246.09K;0.29%
07/16/2024;2,467.80;2,427.10;2,474.50;2,424.50;259.54K;1.60%
07/17/2024;2,459.90;2,473.20;2,488.40;2,455.50;192.77K;-0.32%
07/18/2024;2,456.40;2,462.50;2,478.50;2,442.90;254.41K;-0.14%
07/22/2024;2,394.70;2,403.70;2,414.40;2,385.20;171.19K;-2.51%
07/23/2024;2,407.30;2,398.00;2,413.50;2,389.20;245.88K;0.53%
07/24/2024;2,415.70;2,410.70;2,433.00;2,397.00;294.90K;0.35%
07/25/2024;2,353.50;2,398.10;2,400.80;2,351.90;154.52K;-2.57%
07/29/2024;2,377.80;2,386.90;2,402.10;2,367.30;172.97K;1.03%
07/30/2024;2,417.60;2,392.80;2,422.40;2,388.80;176.27K;1.67%
07/31/2024;2,438.50;2,420.80;2,461.10;2,415.40;219.83K;0.86%
08/01/2024;2,445.90;2,458.80;2,470.80;2,439.10;309.94K;0.30%
08/05/2024;2,411.80;2,458.50;2,466.10;2,373.80;186.11K;-1.39%
08/06/2024;2,398.90;2,420.90;2,431.20;2,390.20;166.08K;-0.53%
08/07/2024;2,400.00;2,398.60;2,414.20;2,387.00;178.51K;0.05%
08/08/2024;2,430.30;2,389.50;2,433.90;2,388.00;152.17K;1.26%
08/12/2024;2,469.90;2,436.00;2,478.00;2,430.00;155.08K;1.63%
08/13/2024;2,473.90;2,477.30;2,482.50;2,464.20;187.38K;0.16%
08/14/2024;2,446.20;2,470.60;2,485.40;2,443.00;169.32K;-1.12%
08/15/2024;2,458.60;2,452.00;2,471.80;2,437.10;223.93K;0.51%
08/19/2024;2,506.80;2,512.80;2,513.80;2,489.30;191.20K;1.96%
08/20/2024;2,516.10;2,507.70;2,535.40;2,502.10;148.89K;0.37%
08/21/2024;2,512.80;2,517.40;2,522.00;2,495.00;177.37K;-0.13%
08/22/2024;2,482.10;2,515.60;2,516.00;2,472.60;164.61K;-1.22%
08/26/2024;2,520.20;2,512.60;2,527.70;2,509.30;146.22K;1.53%
08/27/2024;2,517.70;2,517.60;2,525.20;2,504.40;165.12K;-0.10%
08/28/2024;2,502.60;2,525.20;2,526.40;2,493.20;159.97K;-0.60%
08/29/2024;2,536.70;2,516.60;2,538.70;2,513.80;175.64K;1.36%
09/03/2024;2,499.70;2,509.00;2,516.30;2,481.60;167.96K;-1.46%
09/04/2024;2,502.70;2,500.40;2,507.80;2,479.80;152.71K;0.12%
09/05/2024;2,519.70;2,502.30;2,530.50;2,500.70;228.12K;0.68%
09/09/2024;2,509.30;2,503.20;2,512.70;2,491.30;156.11K;-0.41%
09/10/2024;2,519.50;2,511.60;2,523.90;2,505.60;194.09K;0.41%
09/11/2024;2,519.00;2,522.00;2,534.40;2,505.70;233.68K;-0.02%
09/12/2024;2,557.10;2,517.90;2,564.80;2,515.50;174.67K;1.51%
09/16/2024;2,585.20;2,584.80;2,593.40;2,578.80;159.53K;1.10%
09/17/2024;2,568.90;2,586.30;2,590.00;2,564.10;233.13K;-0.63%
09/18/2024;2,574.90;2,573.40;2,603.70;2,549.40;204.48K;0.23%
09/19/2024;2,590.90;2,561.60;2,597.00;2,552.10;207.21K;0.62%
09/23/2024;2,628.60;2,622.50;2,635.70;2,615.40;216.55K;1.46%
09/24/2024;2,653.00;2,628.60;2,665.10;2,623.50;189.94K;0.93%
09/25/2024;2,660.70;2,658.70;2,670.50;2,649.80;217.64K;0.29%
09/26/2024;2,670.40;2,656.80;2,683.90;2,653.40;196.73K;0.36%
09/30/2024;2,647.90;2,667.90;2,675.20;2,636.80;202.76K;-0.84%
10/01/2024;2,678.50;2,644.40;2,681.70;2,644.40;128.68K;1.16%
10/02/2024;2,658.10;2,671.10;2,672.40;2,653.30;138.55K;-0.76%
10/03/2024;2,667.40;2,668.30;2,670.70;2,646.50;192.66K;0.35%
10/07/2024;2,654.00;2,658.80;2,666.60;2,646.00;233.85K;-0.50%
10/08/2024;2,623.50;2,649.60;2,660.40;2,612.70;143.00K;-1.15%
10/09/2024;2,614.10;2,628.80;2,630.60;2,612.00;195.58K;-0.36%
10/10/2024;2,627.40;2,614.80;2,636.90;2,608.80;168.60K;0.51%
10/14/2024;2,653.70;2,659.90;2,671.30;2,648.40;160.56K;1.00%
10/15/2024;2,667.00;2,654.60;2,673.80;2,643.10;156.88K;0.50%
10/16/2024;2,679.30;2,666.80;2,689.50;2,666.00;181.82K;0.46%
10/17/2024;2,695.50;2,676.90;2,700.50;2,676.90;178.96K;0.60%
10/21/2024;2,726.80;2,724.30;2,742.60;2,716.90;173.70K;1.16%
10/22/2024;2,747.40;2,723.10;2,749.50;2,721.80;214.52K;0.76%
10/23/2024;2,717.10;2,748.90;2,758.50;2,709.90;175.87K;-1.10%
10/24/2024;2,736.50;2,717.40;2,743.30;2,717.40;153.49K;0.71%
10/28/2024;2,743.60;2,739.40;2,745.60;2,725.80;207.42K;0.26%
10/29/2024;2,768.80;2,741.90;2,773.20;2,741.90;191.55K;0.92%
10/30/2024;2,800.80;2,786.90;2,801.80;2,782.40;242.57K;1.16%
10/31/2024;2,749.30;2,799.10;2,801.20;2,741.80;180.66K;-1.84%
11/04/2024;2,746.20;2,743.50;2,757.50;2,739.40;151.43K;-0.11%
11/05/2024;2,749.70;2,746.00;2,759.50;2,733.40;361.31K;0.13%
11/06/2024;2,676.30;2,752.60;2,758.80;2,660.70;292.92K;-2.67%
11/07/2024;2,705.80;2,667.70;2,718.30;2,650.30;233.11K;1.10%
11/11/2024;2,617.70;2,692.10;2,693.40;2,617.10;282.77K;-3.26%
11/12/2024;2,606.30;2,625.70;2,633.40;2,595.70;262.75K;-0.44%
11/13/2024;2,586.50;2,604.70;2,625.00;2,578.10;266.16K;-0.76%
11/14/2024;2,572.90;2,578.10;2,585.80;2,541.50;179.89K;-0.53%
11/18/2024;2,614.60;2,571.50;2,619.50;2,568.50;202.24K;1.62%
11/19/2024;2,631.00;2,616.30;2,643.40;2,614.20;182.01K;0.63%
11/20/2024;2,651.70;2,635.80;2,659.00;2,621.90;186.30K;0.79%
11/21/2024;2,674.90;2,653.50;2,676.50;2,651.60;220.55K;0.87%
11/25/2024;2,618.50;2,716.90;2,723.20;2,616.60;177.86K;-2.11%
11/26/2024;2,621.30;2,626.20;2,642.70;2,605.30;169.46K;0.11%
11/27/2024;2,652.30;2,646.40;2,670.70;2,641.10;180.76K;1.18%
12/02/2024;2,646.50;2,663.70;2,663.90;2,633.50;140.97K;-0.22%
12/03/2024;2,655.90;2,652.00;2,665.00;2,645.00;171.79K;0.36%
12/04/2024;2,664.30;2,651.30;2,670.00;2,643.80;156.12K;0.32%
12/05/2024;2,636.10;2,661.90;2,667.30;2,634.50;167.17K;-1.06%
12/09/2024;2,673.30;2,654.50;2,687.00;2,637.50;181.51K;1.41%
12/10/2024;2,705.60;2,669.80;2,708.80;2,669.80;264.99K;1.21%
12/11/2024;2,741.50;2,708.80;2,743.80;2,700.30;219.47K;1.33%
12/12/2024;2,695.10;2,737.80;2,743.50;2,683.30;178.69K;-1.69%
12/16/2024;2,657.00;2,654.60;2,669.70;2,648.30;147.05K;-1.41%
12/17/2024;2,649.60;2,657.20;2,662.50;2,634.30;156.33K;-0.28%
12/18/2024;2,640.80;2,651.20;2,654.30;2,587.20;191.59K;-0.33%
12/19/2024;2,596.00;2,586.00;2,625.00;2,585.90;153.57K;-1.70%
12/23/2024;2,615.50;2,627.30;2,632.90;2,610.20;53.37K;0.75%
12/26/2024;2,640.30;2,623.30;2,642.40;2,622.80;93.90K;0.95%
12/30/2024;2,618.10;2,636.10;2,640.70;2,608.40;86.29K;-0.84%
01/02/2025;2,669.00;2,641.00;2,674.20;2,636.10;121.17K;1.94%
01/06/2025;2,647.40;2,652.80;2,663.80;2,624.60;161.62K;-0.81%
01/07/2025;2,665.40;2,647.10;2,678.50;2,643.50;197.37K;0.68%
01/08/2025;2,672.40;2,662.90;2,687.00;2,658.40;156.65K;0.26%
01/09/2025;2,690.80;2,679.90;2,696.80;2,673.70;298.41K;0.69%
01/13/2025;2,678.60;2,716.80;2,723.80;2,675.20;179.41K;-0.45%
01/14/2025;2,682.30;2,682.00;2,693.70;2,672.00;193.72K;0.14%
01/15/2025;2,717.80;2,693.30;2,722.70;2,685.40;186.54K;1.32%
01/16/2025;2,750.90;2,722.30;2,757.90;2,720.40;156.87K;1.22%
01/21/2025;2,785.60;2,766.00;2,788.40;2,741.50;158.14K;1.26%
01/22/2025;2,797.40;2,784.50;2,800.30;2,782.50;194.74K;0.42%
01/23/2025;2,778.30;2,778.10;2,780.20;2,754.70;199.56K;-0.68%
01/27/2025;2,752.40;2,791.00;2,791.00;2,746.80;171.36K;-0.93%
01/28/2025;2,781.00;2,757.00;2,786.90;2,752.90;125.69K;1.04%
01/29/2025;2,781.50;2,784.90;2,790.10;2,772.80;188.34K;0.02%
01/30/2025;2,845.20;2,796.20;2,853.20;2,794.90;165.68K;2.29%
02/03/2025;2,857.10;2,846.50;2,872.00;2,802.20;145.86K;0.42%
02/04/2025;2,875.80;2,850.40;2,877.10;2,837.40;167.38K;0.65%
02/05/2025;2,893.00;2,873.70;2,906.00;2,870.10;167.70K;0.60%
02/06/2025;2,876.70;2,885.00;2,894.20;2,855.00;192.55K;-0.56%
02/10/2025;2,934.40;2,884.80;2,938.10;2,879.90;218.48K;2.01%
02/11/2025;2,932.60;2,937.00;2,968.50;2,907.00;204.63K;-0.06%
02/12/2025;2,928.70;2,927.00;2,936.50;2,886.50;169.50K;-0.13%
02/13/2025;2,945.40;2,928.80;2,958.80;2,925.80;228.08K;0.57%
02/18/2025;2,949.00;2,895.10;2,956.50;2,887.60;159.34K;0.12%
02/19/2025;2,936.10;2,954.10;2,964.40;2,933.70;172.20K;-0.44%
02/20/2025;2,956.10;2,949.50;2,973.40;2,939.30;163.69K;0.68%
02/24/2025;2,949.70;2,939.30;2,960.00;2,926.40;234.85K;-0.22%
02/25/2025;2,906.00;2,955.90;2,955.90;2,884.50;163.37K;-1.48%
02/26/2025;2,917.80;2,915.60;2,926.40;2,891.00;207.65K;0.41%
02/27/2025;2,895.90;2,931.40;2,935.80;2,879.00;210.56K;-0.75%
03/03/2025;2,901.10;2,872.00;2,906.40;2,866.30;188.52K;0.18%
03/04/2025;2,920.60;2,904.20;2,939.80;2,892.50;183.02K;0.67%
03/05/2025;2,926.00;2,929.00;2,941.30;2,903.40;166.36K;0.18%
03/06/2025;2,926.60;2,929.50;2,935.90;2,897.60;237.58K;0.02%
03/10/2025;2,899.40;2,919.60;2,926.40;2,885.20;194.12K;-0.93%
03/11/2025;2,920.90;2,893.20;2,929.00;2,882.50;209.82K;0.74%
03/12/2025;2,946.80;2,922.30;2,948.90;2,911.00;256.56K;0.89%
03/13/2025;2,991.30;2,943.30;3,001.50;2,942.20;181.49K;1.51%
03/17/2025;3,034.10;3,021.20;3,038.60;3,019.50;177.10K;1.43%
03/18/2025;3,068.90;3,036.90;3,075.10;3,036.00;145.40K;1.15%
03/19/2025;3,069.10;3,069.30;3,089.40;3,059.20;141.23K;0.01%
03/20/2025;3,071.30;3,085.60;3,092.80;3,060.30;190.47K;0.07%
03/24/2025;3,044.00;3,054.70;3,066.40;3,036.00;172.59K;-0.89%
03/25/2025;3,039.60;3,030.60;3,055.40;3,025.90;172.00K;-0.14%
03/26/2025;3,037.30;3,039.50;3,049.70;3,032.80;124.36K;-0.08%
03/27/2025;3,075.80;3,040.90;3,086.00;3,038.90;210.49K;1.27%
03/31/2025;3,150.30;3,118.80;3,162.00;3,112.40;197.31K;2.42%
04/01/2025;3,146.00;3,157.30;3,177.00;3,130.50;223.12K;-0.14%
04/02/2025;3,166.20;3,147.50;3,201.60;3,135.70;382.86K;0.64%
04/03/2025;3,121.70;3,196.60;3,196.60;3,073.50;341.15K;-1.41%
04/07/2025;2,973.60;3,055.10;3,084.40;2,970.40;197.58K;-4.74%
04/08/2025;2,990.20;2,997.50;3,037.90;2,988.60;298.33K;0.56%
04/09/2025;3,079.40;2,998.30;3,118.50;2,983.30;234.97K;2.98%
04/10/2025;3,177.50;3,099.10;3,195.00;3,086.10;247.32K;3.19%
04/14/2025;3,226.30;3,246.00;3,261.60;3,208.70;123.47K;1.54%
04/15/2025;3,240.40;3,226.10;3,250.90;3,225.50;258.38K;0.44%
04/16/2025;3,346.40;3,248.40;3,358.40;3,245.20;242.07K;3.27%
04/21/2025;3,425.30;3,347.00;3,442.30;3,344.00;423.08K;2.36%
04/22/2025;3,419.40;3,435.10;3,509.90;3,379.10;377.41K;-0.17%
04/23/2025;3,294.10;3,367.70;3,396.00;3,270.80;239.60K;-3.66%
04/24/2025;3,348.60;3,301.80;3,377.00;3,301.30;241.25K;1.65%
04/28/2025;3,333.00;3,318.30;3,347.70;3,266.30;170.15K;-0.47%
04/29/2025;3,333.60;3,354.90;3,359.30;3,309.20;207.72K;0.02%
04/30/2025;3,319.10;3,324.50;3,337.60;3,275.60;214.69K;-0.43%
05/01/2025;3,222.20;3,299.00;3,300.60;3,209.40;210.99K;-2.92%
05/05/2025;3,322.30;3,247.10;3,346.70;3,243.10;268.10K;3.11%
05/06/2025;3,422.80;3,345.70;3,444.50;3,332.10;304.24K;3.03%
05/07/2025;3,391.90;3,448.10;3,448.20;3,367.00;327.13K;-0.90%
05/08/2025;3,306.00;3,373.10;3,422.00;3,293.30;232.46K;-2.53%
05/12/2025;3,228.00;3,281.00;3,295.50;3,211.20;214.42K;-2.36%
05/13/2025;3,247.80;3,240.70;3,270.40;3,220.10;233.93K;0.61%
05/14/2025;3,188.30;3,254.10;3,261.30;3,170.70;253.06K;-1.83%
05/15/2025;3,226.60;3,180.80;3,244.30;3,123.30;245.49K;1.20%
05/19/2025;3,261.40;3,246.00;3,280.00;3,236.20;224.09K;1.08%
05/20/2025;3,312.60;3,260.70;3,326.40;3,235.30;229.50K;1.57%
05/21/2025;3,341.90;3,321.20;3,355.50;3,315.30;234.66K;0.88%
05/22/2025;3,323.60;3,346.50;3,375.30;3,306.90;247.20K;-0.55%
05/25/2025;3,370.27;3,384.00;3,384.12;3,367.94;297.31K;1.40%
05/27/2025;3,313.70;3,369.60;3,369.60;3,297.90;127.76K;-1.68%
05/28/2025;3,308.30;3,317.30;3,337.50;3,287.90;227.94K;-0.16%
05/29/2025;3,343.90;3,311.80;3,356.30;3,269.10;184.77K;1.08%
06/02/2025;3,397.20;3,323.00;3,408.10;3,319.40;168.22K;1.59%
06/03/2025;3,377.10;3,406.50;3,417.80;3,357.20;167.22K;-0.59%
06/04/2025;3,399.20;3,377.80;3,409.70;3,366.90;224.86K;0.65%
06/05/2025;3,375.10;3,398.00;3,427.70;3,362.30;185.37K;-0.71%
06/09/2025;3,354.90;3,333.40;3,359.00;3,313.10;158.90K;-0.60%
06/10/2025;3,343.40;3,346.30;3,370.40;3,321.30;201.53K;-0.34%
06/11/2025;3,343.70;3,344.30;3,382.30;3,335.40;230.17K;0.01%
06/12/2025;3,402.40;3,377.50;3,419.80;3,358.50;270.63K;1.76%
06/16/2025;3,417.30;3,473.00;3,476.30;3,400.90;209.08K;0.44%
06/17/2025;3,406.90;3,404.20;3,422.70;3,384.40;178.28K;-0.30%
06/18/2025;3,408.10;3,409.00;3,419.00;3,380.10;280.83K;0.04%
06/23/2025;3,380.60;3,387.00;3,395.70;3,348.30;227.43K;-0.81%
06/24/2025;3,320.00;3,361.20;3,361.20;3,296.40;130.01K;-1.79%
06/25/2025;3,329.00;3,322.90;3,335.60;3,312.00;155.58K;0.27%
06/26/2025;3,333.90;3,333.60;3,349.00;3,309.20;218.87K;0.15%
06/30/2025;3,307.70;3,284.30;3,321.60;3,250.50;168.85K;-0.79%
07/01/2025;3,349.80;3,315.70;3,370.50;3,313.70;132.19K;1.27%
07/02/2025;3,359.70;3,350.00;3,371.00;3,337.20;153.23K;0.30%
07/03/2025;3,342.90;3,369.00;3,376.90;3,321.40;235.76K;-0.50%
07/07/2025;3,342.80;3,344.50;3,352.90;3,304.40;218.03K;0.00%
07/08/2025;3,316.90;3,348.90;3,355.60;3,295.40;167.97K;-0.77%
07/09/2025;3,321.00;3,310.60;3,325.60;3,290.20;168.19K;0.12%
07/10/2025;3,325.70;3,322.20;3,339.40;3,319.20;216.88K;0.14%
07/14/2025;3,359.10;3,376.50;3,389.30;3,348.50;179.88K;1.00%
07/15/2025;3,336.70;3,352.00;3,375.40;3,327.30;235.16K;-0.67%
07/16/2025;3,359.10;3,330.50;3,385.80;3,326.10;161.74K;0.67%
07/17/2025;3,345.30;3,354.70;3,358.20;3,314.30;115.41K;-0.41%
07/21/2025;3,462.90;3,415.00;3,473.20;3,407.40;227.37K;3.52%
07/22/2025;3,501.80;3,468.70;3,505.80;3,451.70;263.03K;1.12%
07/23/2025;3,455.10;3,502.80;3,509.00;3,448.70;215.27K;-1.33%
07/24/2025;3,431.10;3,455.90;3,458.10;3,411.30;196.38K;-0.69%
07/28/2025;3,354.00;3,373.60;3,381.80;3,346.70;113.14K;-2.25%
07/29/2025;3,368.30;3,366.10;3,368.80;3,362.40;203.09K;0.43%
07/30/2025;3,352.80;3,383.10;3,389.30;3,319.20;158.03K;-0.46%
07/31/2025;3,348.60;3,327.50;3,366.70;3,324.40;229.95K;-0.13%
08/04/2025;3,426.40;3,416.60;3,439.50;3,397.90;154.16K;2.32%
08/05/2025;3,434.70;3,428.90;3,444.90;3,403.30;151.58K;0.24%
08/06/2025;3,433.40;3,434.90;3,440.50;3,411.70;249.09K;-0.04%
08/07/2025;3,453.70;3,431.80;3,483.80;3,430.00;321.35K;0.59%
08/11/2025;3,404.70;3,458.10;3,466.30;3,393.00;193.82K;-1.42%
08/12/2025;3,399.00;3,393.60;3,410.80;3,379.10;135.85K;-0.17%
08/13/2025;3,408.30;3,399.60;3,422.60;3,392.70;165.70K;0.27%
08/14/2025;3,383.20;3,407.20;3,423.80;3,375.50;118.49K;-0.74%
08/18/2025;3,378.00;3,382.40;3,403.60;3,368.00;133.50K;-0.15%
08/19/2025;3,358.70;3,378.30;3,389.70;3,358.10;135.52K;-0.57%
08/20/2025;3,388.50;3,359.00;3,394.30;3,353.40;123.50K;0.89%
08/21/2025;3,381.60;3,392.20;3,394.40;3,367.40;186.04K;-0.20%
08/25/2025;3,404.90;3,399.70;3,407.20;3,395.00;176.30K;0.69%
08/26/2025;3,420.10;3,398.10;3,427.00;3,398.10;153.81K;0.45%
08/27/2025;3,435.70;3,428.10;3,436.00;3,410.70;156.60K;0.46%
08/28/2025;3,474.30;3,452.60;3,478.70;3,442.50;188.55K;1.12%
08/31/2025;3,512.00;3,517.65;3,517.65;3,509.70;374.14K;1.09%
09/02/2025;3,592.20;3,517.90;3,602.40;3,506.00;220.79K;2.28%
09/03/2025;3,635.50;3,600.00;3,640.10;3,592.40;232.58K;1.21%
09/04/2025;3,606.70;3,619.80;3,621.60;3,573.70;237.65K;-0.79%
09/08/2025;3,677.40;3,635.00;3,685.70;3,621.70;262.66K;1.96%
09/09/2025;3,682.20;3,676.60;3,715.20;3,663.70;182.03K;0.13%
09/10/2025;3,682.00;3,662.00;3,697.50;3,651.40;214.61K;-0.01%
09/11/2025;3,673.60;3,680.60;3,687.50;3,651.00;154.56K;-0.23%
09/15/2025;3,719.00;3,680.20;3,724.90;3,662.80;192.30K;1.24%
09/16/2025;3,725.10;3,720.30;3,739.90;3,711.80;256.05K;0.16%
09/17/2025;3,717.80;3,727.30;3,744.00;3,679.50;224.13K;-0.20%
09/18/2025;3,678.30;3,692.50;3,707.30;3,660.50;186.95K;-1.06%
09/22/2025;3,761.60;3,707.50;3,769.00;3,705.00;291.56K;2.26%
09/23/2025;3,801.80;3,767.30;3,808.00;3,759.30;236.56K;1.07%
09/24/2025;3,753.40;3,784.30;3,798.50;3,735.70;262.18K;-1.27%
09/25/2025;3,756.50;3,758.00;3,775.90;3,739.00;214.08K;0.08%
09/29/2025;3,855.20;3,788.80;3,863.70;3,785.50;312.26K;2.63%
09/30/2025;3,873.20;3,863.10;3,899.20;3,820.60;290.47K;0.47%
10/01/2025;3,897.50;3,887.70;3,922.70;3,880.30;284.22K;0.63%
10/02/2025;3,868.10;3,892.70;3,923.30;3,842.80;218.28K;-0.75%
10/06/2025;3,976.30;3,913.50;3,994.50;3,909.20;297.51K;2.80%
10/07/2025;4,004.40;3,983.00;4,014.60;3,963.40;348.78K;0.71%
10/08/2025;4,070.50;4,007.10;4,081.00;4,005.60;461.02K;1.65%
10/09/2025;3,972.60;4,061.80;4,077.90;3,957.90;357.54K;-2.41%
10/13/2025;4,133.00;4,018.30;4,137.20;4,011.30;405.99K;4.04%
10/14/2025;4,163.40;4,130.90;4,190.90;4,105.00;309.91K;0.74%
10/15/2025;4,201.60;4,160.10;4,235.80;4,157.30;375.20K;0.92%
10/16/2025;4,304.60;4,225.10;4,346.70;4,214.50;569.85K;2.45%
10/20/2025;4,359.40;4,269.00;4,398.00;4,229.70;535.33K;1.27%
10/21/2025;4,109.10;4,371.00;4,393.60;4,093.00;468.71K;-5.74%
10/22/2025;4,065.40;4,137.00;4,175.00;4,021.20;271.97K;-1.06%
10/23/2025;4,145.60;4,114.80;4,171.50;4,079.60;297.60K;1.97%
10/27/2025;4,005.50;4,066.30;4,101.60;3,973.00;338.43K;-3.38%
10/28/2025;3,968.70;3,985.10;4,015.00;3,890.70;288.27K;-0.92%
10/29/2025;3,986.20;3,930.90;4,030.00;3,926.50;246.32K;0.44%
10/30/2025;4,015.90;3,942.80;4,041.50;3,925.10;237.17K;0.75%
11/03/2025;4,014.00;4,001.00;4,043.10;3,971.30;250.26K;-0.05%
11/04/2025;3,960.50;4,013.70;4,018.00;3,937.10;175.16K;-1.33%
11/05/2025;3,992.90;3,939.50;4,000.70;3,935.70;188.69K;0.82%
11/06/2025;3,991.00;3,992.40;4,028.70;3,973.20;208.65K;-0.05%
11/10/2025;4,122.00;4,007.20;4,124.00;4,004.20;252.25K;3.28%
11/11/2025;4,116.30;4,124.00;4,155.00;4,102.80;296.80K;-0.14%
11/12/2025;4,213.60;4,132.20;4,218.50;4,104.40;319.22K;2.36%
11/13/2025;4,194.50;4,202.40;4,250.00;4,148.50;342.18K;-0.45%
11/17/2025;4,109.80;4,122.70;4,142.70;4,042.30;233.30K;-2.02%
11/18/2025;4,101.70;4,083.90;4,118.70;4,032.80;233.70K;-0.20%
11/19/2025;4,118.20;4,104.20;4,169.60;4,090.80;272.36K;0.40%
11/20/2025;4,095.70;4,118.90;4,145.00;4,069.80;257.81K;-0.55%
11/24/2025;4,113.10;4,087.30;4,157.00;4,056.00;132.70K;0.42%
11/25/2025;4,159.80;4,153.60;4,176.40;4,125.60;187.97K;1.14%
11/26/2025;4,202.30;4,167.00;4,209.00;4,163.60;154.81K;1.02%
12/01/2025;4,274.80;4,258.50;4,299.60;4,241.10;215.92K;1.73%
12/02/2025;4,220.80;4,265.30;4,269.20;4,194.00;176.44K;-1.26%
12/03/2025;4,232.50;4,241.60;4,273.30;4,225.10;161.25K;0.28%
12/04/2025;4,243.00;4,234.50;4,251.10;4,203.30;193.60K;0.25%
12/08/2025;4,217.70;4,228.10;4,247.90;4,204.00;177.37K;-0.60%
12/09/2025;4,236.20;4,219.60;4,251.70;4,197.80;186.18K;0.44%
12/10/2025;4,224.70;4,237.50;4,268.80;4,207.80;228.28K;-0.27%
12/11/2025;4,313.00;4,258.30;4,317.30;4,231.20;292.18K;2.09%
12/15/2025;4,335.20;4,330.00;4,384.30;4,315.90;212.28K;0.51%
12/16/2025;4,332.30;4,334.30;4,367.90;4,297.40;212.41K;-0.07%
12/17/2025;4,373.90;4,333.50;4,383.60;4,330.70;234.46K;0.96%
12/18/2025;4,364.50;4,371.50;4,409.50;4,338.00;165.21K;-0.21%
12/22/2025;4,469.40;4,369.90;4,484.50;4,367.90;248.42K;2.40%
12/23/2025;4,505.70;4,481.80;4,530.80;4,457.70;150.13K;0.81%
12/25/2025;4,527.50;4,505.40;4,539.65;4,505.30;179.20K;0.48%
12/29/2025;4,327.00;4,549.80;4,557.20;4,308.10;186.08K;-4.43%
12/30/2025;4,386.30;4,350.30;4,420.50;4,338.80;161.78K;1.37%
01/01/2026;4,361.55;4,332.10;4,364.45;4,332.10;149.56K;-0.56%
01/02/2026;4,329.60;4,340.00;4,414.80;4,319.70;154.81K;-0.73%
01/05/2026;4,451.50;4,368.30;4,467.60;4,354.60;211.71K;2.82%
01/06/2026;4,496.10;4,459.80;4,508.30;4,437.90;176.58K;1.00%
01/07/2026;4,462.50;4,505.40;4,512.40;4,432.90;202.78K;-0.75%
01/08/2026;4,460.70;4,467.10;4,489.30;4,415.00;208.96K;-0.04%
01/09/2026;4,500.90;4,489.30;4,527.00;4,461.80;217.95K;0.90%
01/12/2026;4,614.70;4,529.10;4,640.50;4,520.80;307.99K;2.53%
01/13/2026;4,599.10;4,610.00;4,644.00;4,576.70;267.45K;-0.34%
01/14/2026;4,635.70;4,594.30;4,650.50;4,594.30;306.30K;0.80%
01/15/2026;4,623.70;4,635.70;4,637.20;4,584.00;226.48K;-0.26%
01/16/2026;4,595.40;4,621.60;4,625.50;4,539.10;246.16K;-0.61%
01/18/2026;4,680.64;4,635.80;4,697.71;4,624.80;;1.85%
01/19/2026;4,671.15;4,680.71;4,688.50;4,660.29;145.60K;-0.20%
01/20/2026;4,800.80;4,661.00;4,806.00;4,659.50;56.62K;2.78%
01/21/2026;4,873.10;4,804.90;4,925.10;4,793.30;77.33K;1.51%
01/22/2026;4,949.40;4,871.00;4,980.10;4,807.90;68.88K;1.57%
01/23/2026;5,017.00;4,977.80;5,028.30;4,937.70;83.40K;1.37%
01/26/2026;5,102.40;5,028.40;5,124.30;5,005.00;7.98K;1.70%
01/27/2026;5,101.40;5,038.30;5,209.50;5,031.00;6.64K;-0.02%
01/28/2026;5,321.00;5,198.00;5,433.50;5,175.00;10.33K;4.30%
01/29/2026;5,354.80;5,449.90;5,626.80;5,126.00;570.06K;0.64%
01/30/2026;4,745.10;5,410.00;5,480.20;4,700.40;508.00K;-11.39%
02/02/2026;4,652.60;4,816.00;4,905.60;4,423.20;385.98K;-1.95%
02/03/2026;4,935.00;4,691.00;5,018.10;4,690.20;260.11K;6.07%
02/04/2026;4,950.80;4,966.10;5,113.90;4,867.70;245.96K;0.32%
02/05/2026;4,889.50;4,986.60;5,045.00;4,779.60;234.59K;-1.24%
02/06/2026;4,979.80;4,800.00;4,995.60;4,670.00;177.81K;1.85%
02/09/2026;5,079.40;5,003.60;5,111.10;4,988.60;124.15K;2.00%
02/10/2026;5,031.00;5,084.30;5,102.70;5,011.00;105.66K;-0.95%
02/11/2026;5,098.50;5,048.00;5,144.50;5,036.30;129.97K;1.34%
02/12/2026;4,948.40;5,107.30;5,122.80;4,900.00;161.62K;-2.94%
02/13/2026;5,046.30;4,950.00;5,069.10;4,907.10;123.02K;1.98%
02/15/2026;5,039.06;5,053.00;5,070.00;5,026.44;;-0.14%
02/16/2026;5,010.11;5,038.09;5,050.60;4,985.44;42.20K;-0.57%
02/17/2026;4,905.90;5,050.00;5,074.40;4,854.20;166.71K;-2.08%
02/18/2026;5,009.50;4,898.50;5,031.90;4,868.50;98.20K;2.11%
02/19/2026;4,997.40;4,993.70;5,042.80;4,971.50;87.03K;-0.24%
02/20/2026;5,080.90;5,015.00;5,131.00;4,999.30;136.74K;1.67%
02/23/2026;5,207.50;5,114.00;5,236.70;5,103.20;1.62K;2.49%
02/24/2026;5,157.80;5,243.40;5,250.00;5,091.80;1.51K;-0.95%
02/25/2026;5,208.00;5,135.60;5,214.00;5,129.50;1.77K;0.97%
02/26/2026;5,194.20;5,175.30;5,221.90;5,144.80;131.63K;-0.26%
02/27/2026;5,247.90;5,201.90;5,299.00;5,182.90;151.66K;1.03%
03/02/2026;5,311.60;5,360.00;5,434.10;5,272.90;227.84K;1.21%
03/03/2026;5,123.70;5,335.70;5,394.20;5,005.00;273.22K;-3.54%
03/04/2026;5,134.70;5,110.00;5,218.30;5,092.80;146.89K;0.21%
03/05/2026;5,078.70;5,155.70;5,204.30;5,058.90;151.85K;-1.09%
03/06/2026;5,158.70;5,099.70;5,185.00;5,071.00;160.27K;1.58%
03/09/2026;5,103.70;5,186.70;5,210.40;5,021.20;181.75K;-1.07%
03/10/2026;5,242.10;5,152.40;5,248.70;5,127.10;179.58K;2.71%
03/11/2026;5,179.10;5,194.00;5,230.90;5,155.90;140.34K;-1.20%
03/12/2026;5,125.80;5,185.40;5,197.80;5,058.20;153.53K;-1.03%
03/13/2026;5,061.70;5,084.00;5,132.40;5,014.10;160.33K;-1.25%
03/16/2026;5,039.40;5,049.30;5,082.00;5,009.50;32.01K;-0.44%
03/17/2026;5,045.60;5,049.10;5,085.00;5,014.40;20.54K;0.12%
03/18/2026;4,932.90;5,046.60;5,058.40;4,846.60;47.59K;-2.23%
03/19/2026;4,640.50;4,860.50;4,903.30;4,539.50;66.19K;-5.93%
03/20/2026;4,609.60;4,689.40;4,773.30;4,512.10;48.02K;-0.67%
03/23/2026;4,423.60;4,475.00;4,542.60;4,124.40;4.92K;-4.04%
03/24/2026;4,418.00;4,434.00;4,500.00;4,330.00;2.85K;-0.13%
03/25/2026;4,568.60;4,487.90;4,616.30;4,475.00;3.93K;3.41%
03/26/2026;4,392.30;4,539.80;4,552.20;4,366.70;4.51K;-3.86%
03/27/2026;4,508.60;4,398.10;4,568.30;4,389.40;5.22K;2.65%
03/30/2026;4,557.50;4,520.00;4,611.40;4,444.70;157.75K;1.08%
03/31/2026;4,678.60;4,538.90;4,717.60;4,510.00;176.39K;2.66%
04/01/2026;4,813.10;4,698.40;4,821.00;4,690.00;166.76K;2.87%
04/02/2026;4,679.70;4,783.00;4,825.90;4,580.40;190.44K;-2.77%
04/03/2026;4,679.70;4,783.00;4,825.90;4,580.40;;0.00%
04/06/2026;4,684.70;4,675.00;4,733.10;4,626.20;89.41K;0.11%
04/07/2026;4,684.70;4,678.60;4,745.70;4,631.90;145.71K;0.00%
04/08/2026;4,777.20;4,747.20;4,888.00;4,720.60;215.12K;1.97%
04/09/2026;4,818.00;4,744.80;4,826.00;4,718.60;133.63K;0.85%
04/10/2026;4,787.40;4,790.50;4,820.00;4,752.70;121.57K;-0.64%
04/13/2026;4,767.40;4,710.00;4,774.40;4,626.00;127.32K;-0.42%
04/14/2026;4,850.10;4,769.30;4,870.30;4,767.60;129.59K;1.73%
04/15/2026;4,823.60;4,862.70;4,895.40;4,807.90;106.71K;-0.55%
04/16/2026;4,808.30;4,813.60;4,861.30;4,792.10;108.86K;-0.32%
04/17/2026;4,879.60;4,811.80;4,917.70;4,785.90;135.44K;1.48%
04/20/2026;4,828.80;4,811.80;4,847.90;4,752.00;123.21K;-1.04%
04/21/2026;4,719.60;4,842.40;4,854.80;4,685.80;177.09K;-2.26%
04/22/2026;4,753.00;4,738.70;4,790.80;4,733.10;100.06K;0.71%
04/23/2026;4,724.00;4,759.20;4,771.30;4,680.10;153.54K;-0.61%
04/24/2026;4,740.90;4,715.60;4,757.10;4,672.20;103.22K;0.36%
04/27/2026;4,676.90;4,692.50;4,728.30;4,664.80;2.58K;-1.35%
04/28/2026;4,592.00;4,682.50;4,698.40;4,555.50;2.66K;-1.82%
04/29/2026;4,561.50;4,611.40;4,624.30;4,522.20;126.42K;-0.66%
04/30/2026;4,629.60;4,557.00;4,658.80;4,550.80;119.64K;1.49%
05/01/2026;4,644.50;4,636.90;4,673.00;4,570.00;93.23K;0.32%
05/04/2026;4,533.30;4,644.00;4,650.60;4,510.10;117.01K;-2.39%
05/05/2026;4,568.50;4,534.00;4,597.50;4,522.70;88.28K;0.78%
05/06/2026;4,694.30;4,569.30;4,734.60;4,556.10;160.44K;2.75%
05/07/2026;4,710.90;4,702.20;4,775.20;4,693.30;159.53K;0.35%
05/08/2026;4,730.70;4,682.50;4,760.40;4,671.00;122.01K;0.42%
05/11/2026;4,728.70;4,690.00;4,758.40;4,655.10;147.40K;-0.04%
05/12/2026;4,686.70;4,745.30;4,783.40;4,645.20;146.32K;-0.89%
05/13/2026;4,706.70;4,722.30;4,734.80;4,676.00;120.05K;0.43%
05/14/2026;4,685.30;4,696.80;4,725.80;4,649.30;102.97K;-0.45%
05/15/2026;4,561.90;4,654.50;4,670.10;4,513.80;169.76K;-2.63%
05/18/2026;4,591.80;4,580.00;4,622.50;4,517.60;27.16K;0.66%
05/19/2026;4,544.50;4,608.00;4,625.30;4,500.30;22.84K;-1.03%
05/20/2026;4,569.10;4,519.20;4,591.20;4,488.00;44.76K;0.54%
05/21/2026;4,576.60;4,579.90;4,605.40;4,522.40;65.10K;0.16%
05/22/2026;4,556.40;4,580.20;4,581.00;4,521.80;44.28K;-0.44%
05/26/2026;4,502.30;4,532.00;4,583.30;4,480.00;254.52K;-1.19%
05/27/2026;4,481.50;4,507.40;4,528.10;4,398.50;205.28K;-0.46%
05/28/2026;4,532.40;4,488.00;4,547.10;4,395.60;153.47K;1.14%
05/29/2026;4,593.00;4,527.60;4,627.10;4,519.50;133.44K;1.34%
06/01/2026;4,506.30;4,575.20;4,577.30;4,476.00;116.79K;-1.89%
06/02/2026;4,519.90;4,515.80;4,571.30;4,492.30;100.31K;0.30%
06/03/2026;4,466.90;4,520.00;4,525.10;4,454.00;106.69K;-1.17%
06/04/2026;4,505.00;4,462.60;4,543.20;4,450.10;109.64K;0.85%
06/05/2026;4,365.30;4,503.00;4,508.70;4,336.60;179.31K;-3.10%
06/08/2026;4,363.40;4,354.00;4,377.50;4,293.00;144.09K;-0.04%
06/09/2026;4,286.40;4,354.70;4,388.60;4,259.90;138.10K;-1.76%
06/10/2026;4,133.30;4,276.10;4,281.10;4,090.10;206.03K;-3.57%
06/11/2026;4,114.00;4,094.40;4,241.30;4,046.20;206.27K;-0.47%
06/12/2026;4,238.80;4,234.90;4,267.80;4,191.10;136.15K;3.03%
06/15/2026;4,351.60;4,289.40;4,391.50;4,283.40;132.14K;2.66%
06/16/2026;4,354.40;4,331.30;4,376.50;4,326.70;89.93K;0.06%
06/17/2026;4,381.40;4,352.60;4,403.60;4,237.40;160.54K;0.62%
06/18/2026;4,245.90;4,275.10;4,350.20;4,220.30;139.53K;-3.09%
06/19/2026;4,172.90;4,207.47;4,216.90;4,139.20;73.11K;-1.72%
06/22/2026;4,202.70;4,231.20;4,238.10;4,138.70;177.66K;0.71%
06/23/2026;4,149.40;4,210.80;4,216.00;4,108.20;118.50K;-1.27%
06/24/2026;4,008.80;4,130.00;4,132.40;3,975.70;189.39K;-3.39%
06/25/2026;4,047.60;4,019.00;4,060.00;3,976.30;147.35K;0.97%
06/26/2026;4,096.30;4,044.40;4,111.50;3,998.10;118.97K;1.20%
06/29/2026;4,038.90;4,101.10;4,102.90;4,012.00;107.42K;-1.40%
06/30/2026;4,038.50;4,032.50;4,078.10;3,955.40;125.41K;-0.01%
07/01/2026;4,082.40;4,025.00;4,131.00;3,973.00;146.95K;1.09%
07/02/2026;4,125.70;4,049.20;4,157.10;4,042.80;125.51K;1.06%
07/03/2026;4,187.30;4,139.65;4,207.90;4,136.20;54.67K;1.49%
07/06/2026;4,167.50;4,138.00;4,215.50;4,133.80;147.56K;-0.47%
07/07/2026;4,157.40;4,176.40;4,192.40;4,102.70;110.33K;-0.24%
07/08/2026;4,082.40;4,106.50;4,144.70;4,032.50;170.83K;-1.80%
07/09/2026;4,140.80;4,087.60;4,148.40;4,063.40;125.06K;1.43%
07/10/2026;4,113.70;4,135.40;4,144.60;4,081.70;98.75K;-0.65%
07/13/2026;4,005.70;4,106.60;4,111.60;3,992.90;154.81K;-2.63%
07/14/2026;4,069.70;4,005.90;4,112.50;3,990.40;151.12K;1.60%
07/15/2026;4,051.80;4,059.80;4,089.10;4,023.30;113.03K;-0.44%
07/16/2026;3,992.10;4,068.90;4,071.90;3,973.40;125.06K;-1.47%
07/17/2026;4,018.80;3,980.10;4,028.90;3,963.00;112.28K;0.67%
07/20/2026;4,015.90;4,005.60;4,046.00;3,986.50;102.85K;-0.07%
07/21/2026;4,076.40;4,013.40;4,092.50;4,003.30;119.96K;1.51%
07/22/2026;4,151.90;4,084.70;4,171.40;4,081.00;132.78K;1.85%
07/23/2026;4,050.20;4,126.00;4,144.00;4,042.50;159.89K;-2.45%
07/24/2026;4,070.80;4,053.40;4,085.20;4,024.00;120.07K;0.51%
07/27/2026;4,077.00;4,097.50;4,119.30;4,067.10;135.09K;0.15%
07/28/2026;4,038.70;4,083.00;4,085.70;4,011.10;167.76K;-0.94%
07/29/2026;4,097.00;4,084.00;4,176.80;4,053.90;181.84K;1.44%
07/30/2026;4,160.60;4,126.70;4,180.20;4,085.00;149.37K;1.55%
07/31/2026;4,107.00;4,163.90;4,170.70;4,076.40;110.63K;-1.29%
08/03/2026;4,090.50;4,135.20;4,145.50;4,074.00;93.29K;-0.40%
08/04/2026;4,152.60;4,109.60;4,163.80;4,098.20;118.83K;1.52%
08/05/2026;4,305.20;4,133.80;4,328.20;4,121.60;211.90K;3.67%
08/06/2026;4,299.60;4,307.00;4,363.70;4,281.20;167.62K;-0.13%
08/07/2026;4,399.70;4,298.30;4,432.30;4,288.00;190.64K;2.33%
08/10/2026;4,419.70;4,400.00;4,453.80;4,373.90;118.61K;0.45%
08/11/2026;4,441.10;4,446.90;4,495.00;4,415.70;138.13K;0.48%
08/12/2026;4,467.50;4,430.00;4,502.70;4,421.40;153.09K;0.59%
08/13/2026;4,420.40;4,468.80;4,509.10;4,400.00;139.22K;-1.05%
08/14/2026;4,437.30;4,408.20;4,454.60;4,365.50;126.96K;0.38%
08/17/2026;4,473.70;4,440.00;4,486.50;4,422.30;121.05K;0.82%
08/18/2026;4,420.60;4,473.40;4,493.10;4,383.30;131.15K;-1.19%
08/19/2026;4,545.30;4,391.40;4,582.80;4,378.00;250.48K;2.82%
08/20/2026;4,571.40;4,580.00;4,597.10;4,506.00;186.48K;0.57%
08/21/2026;4,680.60;4,577.00;4,690.40;4,565.50;195.57K;2.39%
08/24/2026;4,697.80;4,673.40;4,738.50;4,651.80;206.80K;0.37%
08/25/2026;4,694.50;4,710.10;4,755.00;4,659.50;176.78K;-0.07%
08/26/2026;4,653.30;4,715.70;4,730.90;4,638.20;151.46K;-0.88%
08/27/2026;4,664.00;4,650.00;4,697.70;4,616.00;140.30K;0.23%
08/28/2026;4,529.90;4,656.00;4,688.00;4,495.00;274.60K;-2.88%
08/31/2026;4,481.50;4,483.20;4,521.50;4,445.60;152.22K;-1.07%
